source_id,name,url,source_kind,status,pii_risk,topics,functions,acopio,donaciones,necesidades,refugios,salud,voluntarios,personas_desaparecidas,danos,conectividad,informacion_verificada,entregas_logistica,datos_api,function_evidence,has_public_api_signal,api_data_open,repo_url,interoperability_candidate,recommended_join_key,pii_note
acopios-refugios-vercel-app,Acopios-Refugios,https://acopios-refugios.vercel.app,hackathon_sheet,unknown,medium,aid_logistics|shelter_health,acopio|refugios|salud|entregas/logistica,1,0,0,1,1,0,0,0,0,0,1,0,acopio=texto; refugios=texto+topic:shelter_health; salud=topic:shelter_health; entregas/logistica=topic:aid_logistics,True,?,,yes,topic + geography + time,medio: publicar solo campos operativos y ubicacion agregada cuando aplique | salud: no publicar pacientes ni detalle clinico | refugios: proteger ubicaciones sensibles y grupos pequenos
aidvenezuela-net,Aid Venezuela (NUEVO),https://aidvenezuela.net,hackathon_sheet,unknown,medium,damage_services,danos|informacion verificada,0,0,0,0,0,0,0,1,0,1,0,0,danos=topic:damage_services; informacion verificada=texto,True,?,,yes,topic + geography + time,medio: publicar solo campos operativos y ubicacion agregada cuando aplique
apoyo-salu-pro,Apoyo Salud,https://apoyo.salu.pro,hackathon_sheet,unknown,medium,shelter_health,refugios|salud,0,0,0,1,1,0,0,0,0,0,0,0,refugios=texto+topic:shelter_health; salud=texto+topic:shelter_health,True,?,,yes,topic + geography + time,medio: publicar solo campos operativos y ubicacion agregada cuando aplique | salud: no publicar pacientes ni detalle clinico | refugios: proteger ubicaciones sensibles y grupos pequenos
app-appcentinela-com,Centinela (NUEVO),https://app.appcentinela.com,hackathon_sheet,unknown,medium,damage_services,danos,0,0,0,0,0,0,0,1,0,0,0,0,danos=texto+topic:damage_services,True,?,,yes,topic + geography + time,medio: publicar solo campos operativos y ubicacion agregada cuando aplique
btc-academiasucab-com-fondo-emergencia-sismo-vzla-2026,Fondo BTC UCAB,https://btc.academiasucab.com/fondo-emergencia-sismo-vzla-2026,hackathon_sheet,unknown,medium,damage_services,donaciones|danos,0,1,0,0,0,0,0,1,0,0,0,0,donaciones=texto; danos=texto+topic:damage_services,True,-,,yes,topic + geography + time,medio: publicar solo campos operativos y ubicacion agregada cuando aplique
data-humdata-org,Microsoft AI for Good (HDX) (NUEVO),https://data.humdata.org,hackathon_sheet,unknown,medium,damage_services|data_api,danos|datos/API,0,0,0,0,0,0,0,1,0,0,0,1,danos=texto+topic:damage_services; datos/API=texto+topic:data_api,True,SI - Datos abiertos,,yes,topic + geography + time,medio: publicar solo campos operativos y ubicacion agregada cuando aplique
demanoenmanove-org,De Mano En Mano,https://www.demanoenmanove.org/,hackathon_sheet,unknown,medium,aid_logistics|shelter_health|verified_info,necesidades|refugios|salud|informacion verificada|entregas/logistica,0,0,1,1,1,0,0,0,0,1,1,0,necesidades=texto; refugios=texto+topic:shelter_health; salud=texto+topic:shelter_health; informacion verificada=texto+topic:verified_info; entregas/logistica=topic:aid_logistics,True,,,yes,topic + geography + time,medio: publicar solo campos operativos y ubicacion agregada cuando aplique | salud: no publicar pacientes ni detalle clinico | refugios: proteger ubicaciones sensibles y grupos pequenos
directorio-sismo-netlify-app,Directorio Sismo,https://directorio-sismo.netlify.app/,hackathon_sheet,unknown,medium,damage_services|verified_info,danos|informacion verificada,0,0,0,0,0,0,0,1,0,1,0,0,danos=texto+topic:damage_services; informacion verificada=texto+topic:verified_info,True,,,yes,topic + geography + time,medio: publicar solo campos operativos y ubicacion agregada cuando aplique
encuentralosvzla-com,Encuentralos VZLA,https://encuentralosvzla.com,hackathon_sheet,unknown,medium,damage_services,personas desaparecidas|danos,0,0,0,0,0,0,1,1,0,0,0,0,personas desaparecidas=texto; danos=topic:damage_services,True,?,,yes,topic + geography + time,medio: publicar solo campos operativos y ubicacion agregada cuando aplique | personas desaparecidas: no interoperar identificadores personales
github-comandoconstrucciones-reestructuramos-pwa,Reestructuramos - Inspeccion Estructural Post Sismo,https://app.reestructuramos.com,build4venezuela_analysis,ready_to_use,medium,aid_logistics|damage_services|data_api|verified_info,voluntarios|danos|conectividad|informacion verificada|entregas/logistica|datos/API,0,0,0,0,0,1,0,1,1,1,1,1,voluntarios=texto; danos=texto+topic:damage_services; conectividad=texto; informacion verificada=topic:verified_info; entregas/logistica=texto+topic:aid_logistics; datos/API=texto+topic:data_api,True,,https://github.com/comandoconstrucciones/reestructuramos-pwa,yes,topic + geography + time,medio: publicar solo campos operativos y ubicacion agregada cuando aplique | conectividad: revisar coordenadas de SOS o nodos vulnerables
github-kevinesaa-centraliza-ayuda-venezuela,Centraliza Ayuda,https://kevinesaa.github.io/centraliza-ayuda-venezuela/,build4venezuela_analysis,ready_to_use,medium,aid_logistics|shelter_health,necesidades|refugios|salud|danos|entregas/logistica|datos/API,0,0,1,1,1,0,0,1,0,0,1,1,necesidades=texto; refugios=texto+topic:shelter_health; salud=texto+topic:shelter_health; danos=texto; entregas/logistica=texto+topic:aid_logistics; datos/API=texto,False,,https://github.com/kevinesaa/centraliza-ayuda-venezuela,yes,topic + geography + time,medio: publicar solo campos operativos y ubicacion agregada cuando aplique | salud: no publicar pacientes ni detalle clinico | refugios: proteger ubicaciones sensibles y grupos pequenos
github-lannahbett-puentevenezuela,Puente Venezuela,https://puentevenezuela.lovable.app/,build4venezuela_analysis,ready_to_use,medium,shelter_health|data_api,refugios|salud|entregas/logistica|datos/API,0,0,0,1,1,0,0,0,0,0,1,1,refugios=texto+topic:shelter_health; salud=texto+topic:shelter_health; entregas/logistica=texto; datos/API=texto+topic:data_api,False,,https://github.com/lannahbett/puentevenezuela,yes,topic + geography + time,medio: publicar solo campos operativos y ubicacion agregada cuando aplique | salud: no publicar pacientes ni detalle clinico | refugios: proteger ubicaciones sensibles y grupos pequenos
github-luisalejandrocr-aidtrace-rastroayuda,AidTrace | RastroAyuda,https://aidtrace-rastroayuda.vercel.app/,build4venezuela_analysis,ready_to_use,medium,aid_logistics|shelter_health|data_api|verified_info,donaciones|necesidades|refugios|salud|voluntarios|conectividad|informacion verificada|entregas/logistica|datos/API,0,1,1,1,1,1,0,0,1,1,1,1,donaciones=texto; necesidades=texto; refugios=texto+topic:shelter_health; salud=texto+topic:shelter_health; voluntarios=texto; conectividad=texto; informacion verificada=topic:verified_info; entregas/logistica=texto+topic:aid_logistics; datos/API=texto+topic:data_api,False,,https://github.com/LuisAlejandroCR/AidTrace-RastroAyuda,yes,topic + geography + time,medio: publicar solo campos operativos y ubicacion agregada cuando aplique | salud: no publicar pacientes ni detalle clinico | refugios: proteger ubicaciones sensibles y grupos pequenos | conectividad: revisar coordenadas de SOS o nodos vulnerables
github-nochinxx-venezuela-earthquake-map,"💻 Tech / Dev venezuela-earthquake-map (GitHub) https://github.com/nochinxx/venezuela-earthquake-map Heatmap en tiempo real. Agrega reportes de YouTube, X/Twitter e Instagram cada 10 min. Centros de acopio verificados. Directorio 30+ hospitales. Licencia MIT. ✅ Activa ES/EN GitHub",https://github.com/nochinxx/venezuela-earthquake-map,attachment_catalog,tech_dev_venezuela_earthquake_map_github_https_github_com_nochinxx_venezuela_earthquake_map_heatmap_en_tiempo_real_agrega_reportes_de_youtube_x_twitter_e_instagram_cada_10_min_centros_de_acopio_verificados_directorio_30_hospitales_licencia_mit_activa_es_en_github,medium,aid_logistics|shelter_health|damage_services|data_api|verified_info,acopio|refugios|salud|danos|informacion verificada|entregas/logistica|datos/API,1,0,0,1,1,0,0,1,0,1,1,1,acopio=texto; refugios=texto+topic:shelter_health; salud=texto+topic:shelter_health; danos=topic:damage_services; informacion verificada=texto+topic:verified_info; entregas/logistica=topic:aid_logistics; datos/API=texto+topic:data_api,True,Dashboard,https://github.com/nochinxx/venezuela-earthquake-map,yes,topic + geography + time,medio: publicar solo campos operativos y ubicacion agregada cuando aplique | salud: no publicar pacientes ni detalle clinico | refugios: proteger ubicaciones sensibles y grupos pequenos
github-rainvare-terrave,TerraVE,https://terra-ve.vercel.app/,build4venezuela_analysis,ready_to_use,medium,aid_logistics|shelter_health|damage_services|data_api|verified_info,refugios|salud|danos|informacion verificada|entregas/logistica|datos/API,0,0,0,1,1,0,0,1,0,1,1,1,refugios=texto+topic:shelter_health; salud=topic:shelter_health; danos=texto+topic:damage_services; informacion verificada=topic:verified_info; entregas/logistica=topic:aid_logistics; datos/API=texto+topic:data_api,False,,https://github.com/rainvare/terraVE,yes,topic + geography + time,medio: publicar solo campos operativos y ubicacion agregada cuando aplique | salud: no publicar pacientes ni detalle clinico | refugios: proteger ubicaciones sensibles y grupos pequenos
github-raulandreroman-venemed,Venemed,https://venemed.vercel.app/,build4venezuela_analysis,in_development,medium,aid_logistics|shelter_health|verified_info,acopio|donaciones|necesidades|refugios|salud|conectividad|informacion verificada|entregas/logistica|datos/API,1,1,1,1,1,0,0,0,1,1,1,1,acopio=texto; donaciones=texto; necesidades=texto; refugios=texto+topic:shelter_health; salud=texto+topic:shelter_health; conectividad=texto; informacion verificada=texto+topic:verified_info; entregas/logistica=texto+topic:aid_logistics; datos/API=texto,False,,https://github.com/raulandreroman/venemed,yes,topic + geography + time,medio: publicar solo campos operativos y ubicacion agregada cuando aplique | salud: no publicar pacientes ni detalle clinico | refugios: proteger ubicaciones sensibles y grupos pequenos | conectividad: revisar coordenadas de SOS o nodos vulnerables
github-ruvnet-ruview,Ruview,https://github.com/ruvnet/ruview,build4venezuela_analysis,ready_to_use,medium,shelter_health|data_api|verified_info,refugios|salud|conectividad|informacion verificada|datos/API,0,0,0,1,1,0,0,0,1,1,0,1,refugios=texto+topic:shelter_health; salud=texto+topic:shelter_health; conectividad=texto; informacion verificada=topic:verified_info; datos/API=texto+topic:data_api,False,,https://github.com/ruvnet/ruview,yes,topic + geography + time,medio: publicar solo campos operativos y ubicacion agregada cuando aplique | salud: no publicar pacientes ni detalle clinico | refugios: proteger ubicaciones sensibles y grupos pequenos | conectividad: revisar coordenadas de SOS o nodos vulnerables
github-valentinfuentesg-punto-de-apoyo,Punto de Apoyo Venezuela,https://www.puntodeapoyovenezuela.com/,hackathon_sheet,unknown,medium,aid_logistics|shelter_health|data_api,acopio|refugios|salud|conectividad|informacion verificada|entregas/logistica|datos/API,1,0,0,1,1,0,0,0,1,1,1,1,acopio=texto; refugios=texto+topic:shelter_health; salud=texto+topic:shelter_health; conectividad=texto; informacion verificada=texto; entregas/logistica=topic:aid_logistics; datos/API=texto+topic:data_api,True,Repo,https://github.com/valentinfuentesg/punto-de-apoyo,yes,topic + geography + time,medio: publicar solo campos operativos y ubicacion agregada cuando aplique | salud: no publicar pacientes ni detalle clinico | refugios: proteger ubicaciones sensibles y grupos pequenos | conectividad: revisar coordenadas de SOS o nodos vulnerables
hospitalesenvenezuela-com,Hospitales en Venezuela,https://hospitalesenvenezuela.com,hackathon_sheet,unknown,medium,shelter_health,refugios|salud,0,0,0,1,1,0,0,0,0,0,0,0,refugios=texto+topic:shelter_health; salud=texto+topic:shelter_health,True,?,,yes,topic + geography + time,medio: publicar solo campos operativos y ubicacion agregada cuando aplique | salud: no publicar pacientes ni detalle clinico | refugios: proteger ubicaciones sensibles y grupos pequenos
infosaludsismovzla2026-com,Info Salud Sismo VZLA,https://infosaludsismovzla2026.com,hackathon_sheet,unknown,medium,shelter_health|damage_services|verified_info,refugios|salud|danos|informacion verificada,0,0,0,1,1,0,0,1,0,1,0,0,refugios=texto+topic:shelter_health; salud=texto+topic:shelter_health; danos=texto+topic:damage_services; informacion verificada=topic:verified_info,True,?,,yes,topic + geography + time,medio: publicar solo campos operativos y ubicacion agregada cuando aplique | salud: no publicar pacientes ni detalle clinico | refugios: proteger ubicaciones sensibles y grupos pequenos
pacientesterremotovzla-lovable-app,Pacientes Terremoto VZLA,https://pacientesterremotovzla.lovable.app,hackathon_sheet,unknown,medium,shelter_health,refugios|salud|danos,0,0,0,1,1,0,0,1,0,0,0,0,refugios=texto+topic:shelter_health; salud=texto+topic:shelter_health; danos=texto,True,?,,yes,topic + geography + time,medio: publicar solo campos operativos y ubicacion agregada cuando aplique | salud: no publicar pacientes ni detalle clinico | refugios: proteger ubicaciones sensibles y grupos pequenos
recursos-venezuela-netlify-app,"📋 Recursos verificados Ayuda Terremoto Venezuela https://recursos-venezuela.netlify.app Agregador verificado: plataformas de búsqueda, instrucciones de supervivencia, canales de donación. Links a GlobalGiving, UNICEF y Cruz Roja. ✅ Activa ES Netlify / ciudadanos",https://recursos-venezuela.netlify.app,attachment_catalog,recursos_verificados_ayuda_terremoto_venezuela_https_recursos_venezuela_netlify_app_agregador_verificado_plataformas_de_busqueda_instrucciones_de_supervivencia_canales_de_donacion_links_a_globalgiving_unicef_y_cruz_roja_activa_es_netlify_ciudadanos,medium,aid_logistics|damage_services|verified_info,donaciones|danos|informacion verificada|entregas/logistica,0,1,0,0,0,0,0,1,0,1,1,0,donaciones=texto; danos=texto+topic:damage_services; informacion verificada=texto+topic:verified_info; entregas/logistica=topic:aid_logistics,False,,,no,topic + geography + time,medio: publicar solo campos operativos y ubicacion agregada cuando aplique
redh-avapre-com,Avapre Venezuela,https://redh.avapre.com/,hackathon_sheet,unknown,medium,aid_logistics|shelter_health|data_api,necesidades|refugios|salud|entregas/logistica|datos/API,0,0,1,1,1,0,0,0,0,0,1,1,necesidades=texto; refugios=texto+topic:shelter_health; salud=texto+topic:shelter_health; entregas/logistica=topic:aid_logistics; datos/API=topic:data_api,True,-,,yes,topic + geography + time,medio: publicar solo campos operativos y ubicacion agregada cuando aplique | salud: no publicar pacientes ni detalle clinico | refugios: proteger ubicaciones sensibles y grupos pequenos
refugiosvenezuela-com,Refugios Venezuela (NUEVO),https://refugiosvenezuela.com,hackathon_sheet,unknown,medium,shelter_health,refugios|salud,0,0,0,1,1,0,0,0,0,0,0,0,refugios=texto+topic:shelter_health; salud=topic:shelter_health,True,?,,yes,topic + geography + time,medio: publicar solo campos operativos y ubicacion agregada cuando aplique | salud: no publicar pacientes ni detalle clinico | refugios: proteger ubicaciones sensibles y grupos pequenos
reportavenezuela-org,Reporta Venezuela (org) (NUEVO),https://reportavenezuela.org,hackathon_sheet,unknown,medium,damage_services,danos,0,0,0,0,0,0,0,1,0,0,0,0,danos=texto+topic:damage_services,True,?,,yes,topic + geography + time,medio: publicar solo campos operativos y ubicacion agregada cuando aplique
reportevenezuela-com,Reporte Venezuela,https://reportevenezuela.com,hackathon_sheet,unknown,medium,shelter_health|damage_services,refugios|salud|danos,0,0,0,1,1,0,0,1,0,0,0,0,refugios=texto+topic:shelter_health; salud=texto+topic:shelter_health; danos=topic:damage_services,True,?,,yes,topic + geography + time,medio: publicar solo campos operativos y ubicacion agregada cuando aplique | salud: no publicar pacientes ni detalle clinico | refugios: proteger ubicaciones sensibles y grupos pequenos
riave-deploy-vercel-app,RIAVE (NUEVO),https://riave-deploy.vercel.app,hackathon_sheet,unknown,medium,damage_services,danos,0,0,0,0,0,0,0,1,0,0,0,0,danos=topic:damage_services,True,?,,yes,topic + geography + time,medio: publicar solo campos operativos y ubicacion agregada cuando aplique
sismoayudave-com,SismoAyuda VE (NUEVO),https://sismoayudave.com,hackathon_sheet,unknown,medium,aid_logistics|damage_services,voluntarios|danos|entregas/logistica,0,0,0,0,0,1,0,1,0,0,1,0,voluntarios=texto; danos=texto+topic:damage_services; entregas/logistica=topic:aid_logistics,True,?,,yes,topic + geography + time,medio: publicar solo campos operativos y ubicacion agregada cuando aplique
sismovenezuela-org,Sismo Venezuela,https://sismovenezuela.org,hackathon_sheet,unknown,medium,damage_services|data_api,danos|datos/API,0,0,0,0,0,0,0,1,0,0,0,1,danos=texto+topic:damage_services; datos/API=topic:data_api,True,?,,yes,topic + geography + time,medio: publicar solo campos operativos y ubicacion agregada cuando aplique
sos-yummyrides-com,"💻 Tech / Dev Yummy SOS https://sos.yummyrides.com Reporte de daños estructurales con foto y GPS. Yummy moviliza repartidores para llevar agua, alimentos y medicamentos sin costo a refugios. ✅ Activa ES Yummy",https://sos.yummyrides.com,attachment_catalog,tech_dev_yummy_sos_https_sos_yummyrides_com_reporte_de_danos_estructurales_con_foto_y_gps_yummy_moviliza_repartidores_para_llevar_agua_alimentos_y_medicamentos_sin_costo_a_refugios_activa_es_yummy,medium,shelter_health|damage_services,refugios|salud|danos,0,0,0,1,1,0,0,1,0,0,0,0,refugios=texto+topic:shelter_health; salud=texto+topic:shelter_health; danos=texto+topic:damage_services,False,,,no,topic + geography + time,medio: publicar solo campos operativos y ubicacion agregada cuando aplique | salud: no publicar pacientes ni detalle clinico | refugios: proteger ubicaciones sensibles y grupos pequenos
sosvenezuela-net,SOS Venezuela (net) (NUEVO),https://sosvenezuela.net,hackathon_sheet,unknown,medium,damage_services,danos,0,0,0,0,0,0,0,1,0,0,0,0,danos=topic:damage_services,True,?,,yes,topic + geography + time,medio: publicar solo campos operativos y ubicacion agregada cuando aplique
terremotoenvenezuela-com,Terremoto en Venezuela (NUEVO),https://terremotoenvenezuela.com,hackathon_sheet,unknown,medium,damage_services,danos,0,0,0,0,0,0,0,1,0,0,0,0,danos=texto+topic:damage_services,True,?,,yes,topic + geography + time,medio: publicar solo campos operativos y ubicacion agregada cuando aplique
terremotovenezuela-app,Terremoto Venezuela (app),https://terremotovenezuela.app,hackathon_sheet,unknown,medium,damage_services|data_api,danos|datos/API,0,0,0,0,0,0,0,1,0,0,0,1,danos=texto+topic:damage_services; datos/API=topic:data_api,True,?,,yes,topic + geography + time,medio: publicar solo campos operativos y ubicacion agregada cuando aplique
tilinapp-com,Tilin App (NUEVO),https://tilinapp.com,hackathon_sheet,unknown,medium,damage_services,danos,0,0,0,0,0,0,0,1,0,0,0,0,danos=texto+topic:damage_services,True,?,,yes,topic + geography + time,medio: publicar solo campos operativos y ubicacion agregada cuando aplique
unicef-es-emergencia-terremoto-venezuela,"💰 Donación UNICEF Emergencia Venezuela https://www.unicef.es/emergencia-terremoto-venezuela Fondos para protección infantil, refugio, alimentos e insumos. 3,9M niños en zonas afectadas. ❌ Caída ES/EN UNICEF",https://www.unicef.es/emergencia-terremoto-venezuela,attachment_catalog,down,medium,aid_logistics|shelter_health,donaciones|necesidades|refugios|salud|danos|entregas/logistica,0,1,1,1,1,0,0,1,0,0,1,0,donaciones=texto; necesidades=texto; refugios=texto+topic:shelter_health; salud=topic:shelter_health; danos=texto; entregas/logistica=topic:aid_logistics,False,,,no,topic + geography + time,medio: publicar solo campos operativos y ubicacion agregada cuando aplique | salud: no publicar pacientes ni detalle clinico | refugios: proteger ubicaciones sensibles y grupos pequenos
unidosvenezuela-vercel-app,Unidos Venezuela (NUEVO),https://unidosvenezuela.vercel.app,hackathon_sheet,unknown,medium,damage_services,danos,0,0,0,0,0,0,0,1,0,0,0,0,danos=topic:damage_services,True,?,,yes,topic + geography + time,medio: publicar solo campos operativos y ubicacion agregada cuando aplique
www-terremotovenezuela-com-www-terremotovenezuela-com,"📋 Edificios TerremotoVenezuela.com www.terremotovenezuela.com Heatmap en tiempo real. Agrega reportes de YouTube, X/Twitter e Instagram cada 10 min. Centros de acopio verificados. Directorio 30+ hospitales. Licencia MIT. ✅ Activa ES/EN",www.terremotovenezuela.com,attachment_catalog,edificios_terremotovenezuela_com_www_terremotovenezuela_com_heatmap_en_tiempo_real_agrega_reportes_de_youtube_x_twitter_e_instagram_cada_10_min_centros_de_acopio_verificados_directorio_30_hospitales_licencia_mit_activa_es_en,medium,aid_logistics|shelter_health|damage_services|data_api|verified_info,acopio|refugios|salud|danos|informacion verificada|entregas/logistica|datos/API,1,0,0,1,1,0,0,1,0,1,1,1,acopio=texto; refugios=texto+topic:shelter_health; salud=texto+topic:shelter_health; danos=texto+topic:damage_services; informacion verificada=texto+topic:verified_info; entregas/logistica=topic:aid_logistics; datos/API=topic:data_api,False,,,yes,topic + geography + time,medio: publicar solo campos operativos y ubicacion agregada cuando aplique | salud: no publicar pacientes ni detalle clinico | refugios: proteger ubicaciones sensibles y grupos pequenos
acopiove-org,Acopio VE,https://acopiove.org,hackathon_sheet,unknown,low,aid_logistics,acopio|voluntarios|informacion verificada|entregas/logistica,1,0,0,0,0,1,0,0,0,1,1,0,acopio=texto; voluntarios=texto; informacion verificada=texto; entregas/logistica=topic:aid_logistics,True,?,,yes,topic + geography + time,"bajo segun inventario, verificar fuente y licencia"
acopiovzla-com,Acopio VZLA,https://acopiovzla.com,hackathon_sheet,unknown,low,aid_logistics,acopio|informacion verificada|entregas/logistica,1,0,0,0,0,0,0,0,0,1,1,0,acopio=texto; informacion verificada=texto; entregas/logistica=topic:aid_logistics,True,?,,yes,topic + geography + time,"bajo segun inventario, verificar fuente y licencia"
ayudaencamino-com,Ayuda en Camino,https://ayudaencamino.com,hackathon_sheet,unknown,low,aid_logistics,entregas/logistica,0,0,0,0,0,0,0,0,0,0,1,0,entregas/logistica=topic:aid_logistics,True,-,,yes,topic + geography + time,"bajo segun inventario, verificar fuente y licencia"
ayudaparavenezuela-com,Ayuda para Venezuela (NUEVO),https://ayudaparavenezuela.com,hackathon_sheet,unknown,low,aid_logistics,acopio|entregas/logistica,1,0,0,0,0,0,0,0,0,0,1,0,acopio=texto; entregas/logistica=topic:aid_logistics,True,?,,yes,topic + geography + time,"bajo segun inventario, verificar fuente y licencia"
build4venezuela-com,build4venezuela com,https://build4venezuela.com,user_url,unknown,low,other,,0,0,0,0,0,0,0,0,0,0,0,0,,False,,,no,topic + geography + time,"bajo segun inventario, verificar fuente y licencia"
build4venezuela-com-projects,build4venezuela com projects,https://build4venezuela.com/projects,user_url,unknown,low,other,,0,0,0,0,0,0,0,0,0,0,0,0,,False,,,no,topic + geography + time,"bajo segun inventario, verificar fuente y licencia"
caritasvenezuela-org-donaciones,Caritas Venezuela,https://caritasvenezuela.org/donaciones,hackathon_sheet,unknown,low,other,donaciones,0,1,0,0,0,0,0,0,0,0,0,0,donaciones=texto,True,-,,yes,topic + geography + time,"bajo segun inventario, verificar fuente y licencia"
centrorecursosvenezuela-netlify-app,Centro Recursos Venezuela,https://centrorecursosvenezuela.netlify.app,hackathon_sheet,unknown,low,verified_info,informacion verificada,0,0,0,0,0,0,0,0,0,1,0,0,informacion verificada=texto+topic:verified_info,True,-,,yes,topic + source_id,"bajo segun inventario, verificar fuente y licencia"
dividendovoluntario-org,Dividendo Voluntario,https://dividendovoluntario.org,hackathon_sheet,unknown,low,other,donaciones|voluntarios,0,1,0,0,0,1,0,0,0,0,0,0,donaciones=texto; voluntarios=texto,True,-,,yes,topic + geography + time,"bajo segun inventario, verificar fuente y licencia"
docs-google-com-spreadsheets-d-1otnqgmsk3nu2wqy00rtppcwsszalorwep-uiotwpkxm,Sheet Centros de Acopio (M. Lozada) (TOP),https://docs.google.com/spreadsheets/d/1OTNQGMsK3nU2wqy00rtPPcwsSzAlorWeP-uIotWpkxM,hackathon_sheet,unknown,low,aid_logistics,acopio|entregas/logistica|datos/API,1,0,0,0,0,0,0,0,0,0,1,1,acopio=texto; entregas/logistica=topic:aid_logistics; datos/API=texto,True,SI - Datos abiertos,,yes,topic + geography + time,"bajo segun inventario, verificar fuente y licencia"
dona-yummyrides-com,Yummy (dona),https://dona.yummyrides.com,hackathon_sheet,unknown,low,other,donaciones,0,1,0,0,0,0,0,0,0,0,0,0,donaciones=texto,True,-,,yes,topic + geography + time,"bajo segun inventario, verificar fuente y licencia"
donarseguro-com,Donar Seguro,https://donarseguro.com,hackathon_sheet,unknown,low,verified_info,donaciones|informacion verificada,0,1,0,0,0,0,0,0,0,1,0,0,donaciones=texto; informacion verificada=texto+topic:verified_info,True,-,,yes,topic + geography + time,"bajo segun inventario, verificar fuente y licencia"
efecto-red-com,Efecto Red,https://efecto-red.com/,hackathon_sheet,unknown,low,other,voluntarios|danos,0,0,0,0,0,1,0,1,0,0,0,0,voluntarios=texto; danos=texto,True,,,yes,topic + geography + time,"bajo segun inventario, verificar fuente y licencia"
github-com-kevinesaa,Centraliza Ayuda Venezuela,https://kevinesaa.github.io/centraliza-ayuda-venezuela,hackathon_sheet,unknown,low,aid_logistics,entregas/logistica|datos/API,0,0,0,0,0,0,0,0,0,0,1,1,entregas/logistica=topic:aid_logistics; datos/API=texto,True,Repo,https://github.com/kevinesaa,yes,topic + geography + time,"bajo segun inventario, verificar fuente y licencia"
github-crafter-station-mission-ve,github crafter station mission ve,https://github.com/crafter-station/mission-ve,user_url,unknown,low,other,datos/API,0,0,0,0,0,0,0,0,0,0,0,1,datos/API=texto,True,,https://github.com/crafter-station/mission-ve,yes,topic + geography + time,"bajo segun inventario, verificar fuente y licencia"
github-cultura-interactiva-rva-webapp,github cultura interactiva rva webapp,https://github.com/Cultura-Interactiva/rva-webapp,user_url,unknown,low,other,datos/API,0,0,0,0,0,0,0,0,0,0,0,1,datos/API=texto,True,,https://github.com/Cultura-Interactiva/rva-webapp,yes,topic + geography + time,"bajo segun inventario, verificar fuente y licencia"
github-mawmawmaw-venezuela-ayuda,Infancia Protegida Vzla,https://infanciaprotegidavzla.netlify.app/,hackathon_sheet,unknown,low,aid_logistics,entregas/logistica|datos/API,0,0,0,0,0,0,0,0,0,0,1,1,entregas/logistica=topic:aid_logistics; datos/API=texto,True,No,https://github.com/mawmawmaw/venezuela-ayuda/issues/47,yes,topic + geography + time,"bajo segun inventario, verificar fuente y licencia"
github-takove-crisis-damage-intelligence,,https://respuestavenezuela.org/,hackathon_sheet,unknown,low,other,danos|datos/API,0,0,0,0,0,0,0,1,0,0,0,1,danos=texto; datos/API=texto,True,,https://github.com/takove/crisis-damage-intelligence,yes,topic + geography + time,"bajo segun inventario, verificar fuente y licencia"
github-wilterd-juntosporvenezuela,github wilterd juntosporvenezuela,https://github.com/WilterD/juntosporvenezuela,user_url,unknown,low,other,datos/API,0,0,0,0,0,0,0,0,0,0,0,1,datos/API=texto,True,,https://github.com/WilterD/juntosporvenezuela,yes,topic + geography + time,"bajo segun inventario, verificar fuente y licencia"
gofundme-com-we-love-venezuela-terremoto-2026,"💰 Donación We Love Foundation (GoFundMe) https://www.gofundme.com/we-love-venezuela-terremoto-2026 Meta inicial $300k ya superada. Con Global Empowerment Mission. Alimentos, agua, atención médica, kits higiene. ❌ Caída ES/EN CriptoNoticias",https://www.gofundme.com/we-love-venezuela-terremoto-2026,attachment_catalog,down,low,other,donaciones|danos|informacion verificada,0,1,0,0,0,0,0,1,0,1,0,0,donaciones=texto; danos=texto; informacion verificada=texto,False,,,no,topic + geography + time,"bajo segun inventario, verificar fuente y licencia"
habitable-lovable-app,Habitable (Ing. x Venezuela) (NUEVO),https://habitable.lovable.app,hackathon_sheet,unknown,low,other,danos,0,0,0,0,0,0,0,1,0,0,0,0,danos=texto,True,?,,yes,topic + geography + time,"bajo segun inventario, verificar fuente y licencia"
hazlohoy-org-terremoto-caracas,Hazlo Hoy - Terremoto,https://hazlohoy.org/terremoto-caracas,hackathon_sheet,unknown,low,aid_logistics,acopio|danos|entregas/logistica,1,0,0,0,0,0,0,1,0,0,1,0,acopio=texto; danos=texto; entregas/logistica=topic:aid_logistics,True,?,,yes,topic + geography + time,"bajo segun inventario, verificar fuente y licencia"
huellascan-com-terremoto,Huellas Can,https://huellascan.com/terremoto,hackathon_sheet,unknown,low,other,personas desaparecidas|danos,0,0,0,0,0,0,1,1,0,0,0,0,personas desaparecidas=texto; danos=texto,True,?,,yes,topic + geography + time,"bajo segun inventario, verificar fuente y licencia | personas desaparecidas: no interoperar identificadores personales"
info-central-terremoto-venezuela-com,Info Central Terremoto VE,https://info-central-terremoto-venezuela.com,hackathon_sheet,unknown,low,verified_info,danos|informacion verificada,0,0,0,0,0,0,0,1,0,1,0,0,danos=texto; informacion verificada=topic:verified_info,True,-,,yes,topic + geography + time,"bajo segun inventario, verificar fuente y licencia"
infoayudavenezuela-site,Info Ayuda Venezuela,https://infoayudavenezuela.site,hackathon_sheet,unknown,low,aid_logistics|verified_info,acopio|informacion verificada|entregas/logistica,1,0,0,0,0,0,0,0,0,1,1,0,acopio=texto; informacion verificada=topic:verified_info; entregas/logistica=topic:aid_logistics,True,?,,yes,topic + geography + time,"bajo segun inventario, verificar fuente y licencia"
instagram-com-somosmeru,"💸 Finanzas emergencia Meru (remesas sin comisión) https://www.instagram.com/somosmeru Exoneración indefinida de tarifas para depósitos/retiros en Venezuela. Pago Móvil, transferencias, cripto. ✅ Activa ES CriptoNoticias",https://www.instagram.com/somosmeru,attachment_catalog,finanzas_emergencia_meru_remesas_sin_comision_https_www_instagram_com_somosmeru_exoneracion_indefinida_de_tarifas_para_depositos_retiros_en_venezuela_pago_movil_transferencias_cripto_activa_es_criptonoticias,low,other,informacion verificada,0,0,0,0,0,0,0,0,0,1,0,0,informacion verificada=texto,False,,,no,topic + source_id,"bajo segun inventario, verificar fuente y licencia"
instagram-com-venemergencia,🧠 Apoyo psicosocial Grupo Venemergencia https://www.instagram.com/venemergencia Plataforma médica venezolana operativa. Atiende afectados físicos y psicológicos. ✅ Activa ES The Objective,https://www.instagram.com/venemergencia,attachment_catalog,apoyo_psicosocial_grupo_venemergencia_https_www_instagram_com_venemergencia_plataforma_medica_venezolana_operativa_atiende_afectados_fisicos_y_psicologicos_activa_es_the_objective,low,other,salud,0,0,0,0,1,0,0,0,0,0,0,0,salud=texto,False,,,no,topic + geography + time,"bajo segun inventario, verificar fuente y licencia | salud: no publicar pacientes ni detalle clinico"
mascotasporvenezuela-com,Mascotas por Venezuela,https://mascotasporvenezuela.com,hackathon_sheet,unknown,low,other,personas desaparecidas,0,0,0,0,0,0,1,0,0,0,0,0,personas desaparecidas=texto,True,?,,yes,topic + geography + time,"bajo segun inventario, verificar fuente y licencia | personas desaparecidas: no interoperar identificadores personales"
paho-org-en-venezuela-earthquake-response,🏛 Organismo oficial PAHO/OMS Venezuela Response https://www.paho.org/en/venezuela-earthquake-response Respuesta oficial sanitaria. Situación epidemiológica. Coordinación internacional. ✅ Activa EN PAHO/WHO,https://www.paho.org/en/venezuela-earthquake-response,attachment_catalog,organismo_oficial_paho_oms_venezuela_response_https_www_paho_org_en_venezuela_earthquake_response_respuesta_oficial_sanitaria_situacion_epidemiologica_coordinacion_internacional_activa_en_paho_who,low,other,salud|entregas/logistica,0,0,0,0,1,0,0,0,0,0,1,0,salud=texto; entregas/logistica=texto,False,,,no,topic + geography + time,"bajo segun inventario, verificar fuente y licencia | salud: no publicar pacientes ni detalle clinico"
patasacasa-com,Patas a Casa,https://patasacasa.com,hackathon_sheet,unknown,low,other,personas desaparecidas,0,0,0,0,0,0,1,0,0,0,0,0,personas desaparecidas=texto,True,?,,yes,topic + geography + time,"bajo segun inventario, verificar fuente y licencia | personas desaparecidas: no interoperar identificadores personales"
pawboard-dev-build4venezuela,Pawboard - Build4Venezuela,https://pawboard.dev/build4venezuela,hackathon_sheet,unknown,low,other,,0,0,0,0,0,0,0,0,0,0,0,0,,True,-,,yes,topic + geography + time,"bajo segun inventario, verificar fuente y licencia"
reconectavenezuela-com,ReconectaVenezuela,https://reconectavenezuela.com,hackathon_sheet,unknown,low,other,conectividad,0,0,0,0,0,0,0,0,1,0,0,0,conectividad=texto,True,,,yes,topic + geography + time,"bajo segun inventario, verificar fuente y licencia | conectividad: revisar coordenadas de SOS o nodos vulnerables"
recursos-terremoto-venezuela-netlify-app,Recursos Terremoto Venezuela,https://recursos-terremoto-venezuela.netlify.app,hackathon_sheet,unknown,low,verified_info,danos|informacion verificada,0,0,0,0,0,0,0,1,0,1,0,0,danos=texto; informacion verificada=texto+topic:verified_info,True,-,,yes,topic + geography + time,"bajo segun inventario, verificar fuente y licencia"
redayudavenezuela-com,Red Ayuda Venezuela,https://redayudavenezuela.com,hackathon_sheet,unknown,low,aid_logistics,entregas/logistica,0,0,0,0,0,0,0,0,0,0,1,0,entregas/logistica=topic:aid_logistics,True,?,,yes,topic + geography + time,"bajo segun inventario, verificar fuente y licencia"
redquipu-com,RedQuipu,https://redquipu.com,hackathon_sheet,unknown,low,other,,0,0,0,0,0,0,0,0,0,0,0,0,,True,?,,yes,topic + geography + time,"bajo segun inventario, verificar fuente y licencia"
responsegrid-app,"📦 Suministros ResponseGrid https://responsegrid.app/ Gestión y trazabilidad en tiempo real de insumos, necesidades y puntos de donación o de recepción ✅ Activa ES/EN OCHA/ONU",https://responsegrid.app/,attachment_catalog,suministros_responsegrid_https_responsegrid_app_gestion_y_trazabilidad_en_tiempo_real_de_insumos_necesidades_y_puntos_de_donacion_o_de_recepcion_activa_es_en_ocha_onu,low,aid_logistics,acopio|donaciones|necesidades|informacion verificada|entregas/logistica,1,1,1,0,0,0,0,0,0,1,1,0,acopio=texto; donaciones=texto; necesidades=texto; informacion verificada=texto; entregas/logistica=texto+topic:aid_logistics,False,,,no,topic + geography + time,"bajo segun inventario, verificar fuente y licencia"
savethechildren-es-terremoto-venezuela,💰 Donación Save the Children https://www.savethechildren.es/terremoto-venezuela Fondo 'Terremoto en Venezuela'. Orientado a menores. Donación desde 30€. ❌ Caída ES Save the Children,https://www.savethechildren.es/terremoto-venezuela,attachment_catalog,down,low,other,donaciones|personas desaparecidas|danos,0,1,0,0,0,0,1,1,0,0,0,0,donaciones=texto; personas desaparecidas=texto; danos=texto,False,,,no,topic + geography + time,"bajo segun inventario, verificar fuente y licencia | personas desaparecidas: no interoperar identificadores personales"
sectorve-com,Sector Ve,https://sectorve.com/,hackathon_sheet,unknown,low,aid_logistics,acopio|donaciones|informacion verificada|entregas/logistica,1,1,0,0,0,0,0,0,0,1,1,0,acopio=texto; donaciones=texto; informacion verificada=texto; entregas/logistica=topic:aid_logistics,True,,,yes,topic + geography + time,"bajo segun inventario, verificar fuente y licencia"
sos-reservadoc-com-sos-reservadoc-com,,sos.reservadoc.com,hackathon_sheet,unknown,low,other,voluntarios,0,0,0,0,0,1,0,0,0,0,0,0,voluntarios=texto,True,,,yes,topic + geography + time,"bajo segun inventario, verificar fuente y licencia"
t-me-aparecio-en-venezuela-bot,Aparecio Mi Gente (Telegram),https://t.me/aparecio_en_venezuela_bot,hackathon_sheet,unknown,low,other,,0,0,0,0,0,0,0,0,0,0,0,0,,True,Scrapea varios sitios,,yes,topic + geography + time,"bajo segun inventario, verificar fuente y licencia"
tugruero-com,Tu Gruero (NUEVO),https://tugruero.com,hackathon_sheet,unknown,low,aid_logistics,necesidades|entregas/logistica,0,0,1,0,0,0,0,0,0,0,1,0,necesidades=texto; entregas/logistica=texto+topic:aid_logistics,True,?,,yes,topic + geography + time,"bajo segun inventario, verificar fuente y licencia"
ve-crafter-run,ve crafter run,https://ve.crafter.run/,user_url,unknown,low,other,,0,0,0,0,0,0,0,0,0,0,0,0,,False,,,no,topic + geography + time,"bajo segun inventario, verificar fuente y licencia"
vea2026-com,VEA 2026,https://vea2026.com,hackathon_sheet,unknown,low,other,,0,0,0,0,0,0,0,0,0,0,0,0,,True,?,,yes,topic + geography + time,"bajo segun inventario, verificar fuente y licencia"
veneconnect-com-apoyo-terremoto,VeneConnect (NUEVO),https://veneconnect.com/apoyo-terremoto,hackathon_sheet,unknown,low,aid_logistics,acopio|danos|entregas/logistica,1,0,0,0,0,0,0,1,0,0,1,0,acopio=texto; danos=texto; entregas/logistica=topic:aid_logistics,True,?,,yes,topic + geography + time,"bajo segun inventario, verificar fuente y licencia"
venezuela-earthquake-relief-netlify-app,VE Earthquake Relief,https://venezuela-earthquake-relief.netlify.app,hackathon_sheet,unknown,low,other,donaciones|informacion verificada,0,1,0,0,0,0,0,0,0,1,0,0,donaciones=texto; informacion verificada=texto,True,-,,yes,topic + geography + time,"bajo segun inventario, verificar fuente y licencia"
venezuelahelp-click,Venezuela Help (acopios),https://venezuelahelp.click,hackathon_sheet,unknown,low,aid_logistics,acopio|entregas/logistica,1,0,0,0,0,0,0,0,0,0,1,0,acopio=texto; entregas/logistica=topic:aid_logistics,True,-,,yes,topic + geography + time,"bajo segun inventario, verificar fuente y licencia"
venezuelasolidaria-com,Venezuela Solidaria (NUEVO),https://venezuelasolidaria.com,hackathon_sheet,unknown,low,other,informacion verificada,0,0,0,0,0,0,0,0,0,1,0,0,informacion verificada=texto,True,-,,yes,topic + source_id,"bajo segun inventario, verificar fuente y licencia"
venezuelaterremoto2026-com,Venezuela Terremoto 2026,https://venezuelaterremoto2026.com,hackathon_sheet,unknown,low,other,danos,0,0,0,0,0,0,0,1,0,0,0,0,danos=texto,True,-,,yes,topic + geography + time,"bajo segun inventario, verificar fuente y licencia"
vzla-response-hub-vercel-app,VZLA Response Hub,https://vzla-response-hub.vercel.app,hackathon_sheet,unknown,low,other,,0,0,0,0,0,0,0,0,0,0,0,0,,True,-,,yes,topic + geography + time,"bajo segun inventario, verificar fuente y licencia"
vzlayuda-com-ayudar,VZL Ayuda,https://vzlayuda.com/ayudar,hackathon_sheet,unknown,low,aid_logistics,entregas/logistica,0,0,0,0,0,0,0,0,0,0,1,0,entregas/logistica=topic:aid_logistics,True,?,,yes,topic + geography + time,"bajo segun inventario, verificar fuente y licencia"
wilterd-github-io-juntosporvenezuela,Búsqueda Tech - Apps Juntos por Venezuela https://wilterd.github.io/juntosporvenezuela/ Plataforma que reúne a todas las aplicaciones digitales en función de encontrar más fácilmente todas las aplicaciones que ayuden a los damnificados tras los dos terremotos en Venezuela el 24 de Junio ✅ Activa ES Build4Vzla - Github,https://wilterd.github.io/juntosporvenezuela/,attachment_catalog,busqueda_tech_apps_juntos_por_venezuela_https_wilterd_github_io_juntosporvenezuela_plataforma_que_reune_a_todas_las_aplicaciones_digitales_en_funcion_de_encontrar_mas_facilmente_todas_las_aplicaciones_que_ayuden_a_los_damnificados_tras_los_dos_terremotos_en_venezuela_el_24_de_junio_activa_es_build4vzla_github,low,other,danos|datos/API,0,0,0,0,0,0,0,1,0,0,0,1,danos=texto; datos/API=texto,False,,,yes,topic + geography + time,"bajo segun inventario, verificar fuente y licencia"
www2-cruzroja-es-ayuda-terremoto-venezuela-2026,💰 Donación Cruz Roja Española https://www2.cruzroja.es/-/ayuda-terremoto-venezuela-2026 Canal oficial. Bizum al 33512 o SMS VENEZUELA al 38092 (6€ íntegros). Coordinación con Cruz Roja Venezolana. ✅ Activa ES Cruz Roja,https://www2.cruzroja.es/-/ayuda-terremoto-venezuela-2026,attachment_catalog,donacion_cruz_roja_espanola_https_www2_cruzroja_es_ayuda_terremoto_venezuela_2026_canal_oficial_bizum_al_33512_o_sms_venezuela_al_38092_6_integros_coordinacion_con_cruz_roja_venezolana_activa_es_cruz_roja,low,aid_logistics,donaciones|danos|entregas/logistica,0,1,0,0,0,0,0,1,0,0,1,0,donaciones=texto; danos=texto; entregas/logistica=texto+topic:aid_logistics,False,,,no,topic + geography + time,"bajo segun inventario, verificar fuente y licencia"
x-com-amintoreoficial-status-2070486864067473476,Lista maestra Amintore (TOP),https://x.com/AmintoreOficial/status/2070486864067473476,hackathon_sheet,unknown,low,other,,0,0,0,0,0,0,0,0,0,0,0,0,,True,-,,yes,topic + geography + time,"bajo segun inventario, verificar fuente y licencia"
x-com-juliococo-status-2070594371431408045,Unificacion (Juliococo),https://x.com/Juliococo/status/2070594371431408045,hackathon_sheet,unknown,low,other,entregas/logistica,0,0,0,0,0,0,0,0,0,0,1,0,entregas/logistica=texto,True,-,,yes,topic + geography + time,"bajo segun inventario, verificar fuente y licencia"
zonasegura-up-railway-app,Zona Segura (NUEVO),https://zonasegura.up.railway.app,hackathon_sheet,unknown,low,aid_logistics,acopio|entregas/logistica,1,0,0,0,0,0,0,0,0,0,1,0,acopio=texto; entregas/logistica=topic:aid_logistics,True,?,,yes,topic + geography + time,"bajo segun inventario, verificar fuente y licencia"
auxilioven-org,Auxilio Ven,https://auxilioven.org,hackathon_sheet,unknown,high,people_finder|shelter_health,refugios|salud|personas desaparecidas,0,0,0,1,1,0,1,0,0,0,0,0,refugios=texto+topic:shelter_health; salud=texto+topic:shelter_health; personas desaparecidas=texto+topic:people_finder,True,?,,no,solo agregados; no unir PII,"alto: evitar union por nombre, telefono, cedula, foto o ubicacion exacta | personas desaparecidas: no interoperar identificadores personales | salud: no publicar pacientes ni detalle clinico | refugios: proteger ubicaciones sensibles y grupos pequenos"
ayudavenezuela-online,Ayuda Venezuela Online,https://ayudavenezuela.online/,hackathon_sheet,unknown,high,people_finder|aid_logistics|shelter_health|data_api|verified_info,refugios|salud|voluntarios|personas desaparecidas|informacion verificada|entregas/logistica|datos/API,0,0,0,1,1,1,1,0,0,1,1,1,refugios=texto+topic:shelter_health; salud=texto+topic:shelter_health; voluntarios=texto; personas desaparecidas=texto+topic:people_finder; informacion verificada=topic:verified_info; entregas/logistica=topic:aid_logistics; datos/API=texto+topic:data_api,True,-,,no,solo agregados; no unir PII,"alto: evitar union por nombre, telefono, cedula, foto o ubicacion exacta | personas desaparecidas: no interoperar identificadores personales | salud: no publicar pacientes ni detalle clinico | refugios: proteger ubicaciones sensibles y grupos pequenos"
ayudavenezuela2026-com,"Plataforma ciudadana de coordinación de ayuda humanitaria (iniciativa de sociedad civil) Red Venezuela Activa https://ayudavenezuela2026.com Conecta a quién necesita ayuda con quién puede darla tras el terremoto de Venezuela (junio 2026): registro de voluntarios y profesionales, reporte de casos urgentes, albergues y sus necesidades, mapa en vivo y movilización por WhatsApp. Enlaza a las plataformas nacionales de personas no localizadas. ✅ Activa ES Red Venezuela Activa abre registro de voluntarios y reporte de casos urgentes tras terremotos y réplicas https://buff.ly/SRRCfJ2",https://ayudavenezuela2026.com,attachment_catalog,plataforma_ciudadana_de_coordinacion_de_ayuda_humanitaria_iniciativa_de_sociedad_civil_red_venezuela_activa_https_ayudavenezuela2026_com_conecta_a_quien_necesita_ayuda_con_quien_puede_darla_tras_el_terremoto_de_venezuela_junio_2026_registro_de_voluntarios_y_profesionales_reporte_de_casos_urgentes_albergues_y_sus_necesidades_mapa_en_vivo_y_movilizacion_por_whatsapp_enlaza_a_las_plataformas_nacionales_de_personas_no_localizadas_activa_es_red_venezuela_activa_abre_registro_de_voluntarios_y_reporte_de_casos_urgentes_tras_terremotos_y_replicas_https_buff_ly_srrcfj2,high,people_finder|aid_logistics|damage_services|data_api,necesidades|refugios|voluntarios|personas desaparecidas|danos|entregas/logistica|datos/API,0,0,1,1,0,1,1,1,0,0,1,1,necesidades=texto; refugios=texto; voluntarios=texto; personas desaparecidas=texto+topic:people_finder; danos=texto+topic:damage_services; entregas/logistica=texto+topic:aid_logistics; datos/API=texto+topic:data_api,True,No (por ahora). Los datos son sensibles y están protegidos por RLS en Supabase; no hay API pública ni endpoint de datos abiertos. A futuro se podrían exponer datos agregados (sin info personal).,,no,solo agregados; no unir PII,"alto: evitar union por nombre, telefono, cedula, foto o ubicacion exacta | personas desaparecidas: no interoperar identificadores personales | refugios: proteger ubicaciones sensibles y grupos pequenos"
buff-ly-srrcfj2,"Plataforma ciudadana de coordinación de ayuda humanitaria (iniciativa de sociedad civil) Red Venezuela Activa https://ayudavenezuela2026.com Conecta a quién necesita ayuda con quién puede darla tras el terremoto de Venezuela (junio 2026): registro de voluntarios y profesionales, reporte de casos urgentes, albergues y sus necesidades, mapa en vivo y movilización por WhatsApp. Enlaza a las plataformas nacionales de personas no localizadas. ✅ Activa ES Red Venezuela Activa abre registro de voluntarios y reporte de casos urgentes tras terremotos y réplicas https://buff.ly/SRRCfJ2",https://buff.ly/SRRCfJ2,attachment_catalog,plataforma_ciudadana_de_coordinacion_de_ayuda_humanitaria_iniciativa_de_sociedad_civil_red_venezuela_activa_https_ayudavenezuela2026_com_conecta_a_quien_necesita_ayuda_con_quien_puede_darla_tras_el_terremoto_de_venezuela_junio_2026_registro_de_voluntarios_y_profesionales_reporte_de_casos_urgentes_albergues_y_sus_necesidades_mapa_en_vivo_y_movilizacion_por_whatsapp_enlaza_a_las_plataformas_nacionales_de_personas_no_localizadas_activa_es_red_venezuela_activa_abre_registro_de_voluntarios_y_reporte_de_casos_urgentes_tras_terremotos_y_replicas_https_buff_ly_srrcfj2,high,people_finder|aid_logistics|damage_services|data_api,necesidades|refugios|voluntarios|personas desaparecidas|danos|entregas/logistica|datos/API,0,0,1,1,0,1,1,1,0,0,1,1,necesidades=texto; refugios=texto; voluntarios=texto; personas desaparecidas=texto+topic:people_finder; danos=texto+topic:damage_services; entregas/logistica=texto+topic:aid_logistics; datos/API=topic:data_api,False,,,no,solo agregados; no unir PII,"alto: evitar union por nombre, telefono, cedula, foto o ubicacion exacta | personas desaparecidas: no interoperar identificadores personales | refugios: proteger ubicaciones sensibles y grupos pequenos"
build4venezuela-com-p-desaparecidos-rag-unificado,Scraper+RAG Unificado (NUEVO),https://build4venezuela.com/p/desaparecidos-rag-unificado,hackathon_sheet,unknown,high,people_finder|data_api,personas desaparecidas|datos/API,0,0,0,0,0,0,1,0,0,0,0,1,personas desaparecidas=texto+topic:people_finder; datos/API=topic:data_api,True,-,,no,solo agregados; no unir PII,"alto: evitar union por nombre, telefono, cedula, foto o ubicacion exacta | personas desaparecidas: no interoperar identificadores personales"
busquedavzla-netlify-app,Busqueda VZLA,https://busquedavzla.netlify.app,hackathon_sheet,unknown,high,people_finder,personas desaparecidas,0,0,0,0,0,0,1,0,0,0,0,0,personas desaparecidas=texto+topic:people_finder,True,?,,no,solo agregados; no unir PII,"alto: evitar union por nombre, telefono, cedula, foto o ubicacion exacta | personas desaparecidas: no interoperar identificadores personales"
civisvenezuela-com,Desaparecidos / Emergencia / Unif. CIVIS Venezuela https://civisvenezuela.com,https://civisvenezuela.com,attachment_catalog,desaparecidos_emergencia_unif_civis_venezuela_https_civisvenezuela_com,high,people_finder,personas desaparecidas,0,0,0,0,0,0,1,0,0,0,0,0,personas desaparecidas=texto+topic:people_finder,True,,,no,solo agregados; no unir PII,"alto: evitar union por nombre, telefono, cedula, foto o ubicacion exacta | personas desaparecidas: no interoperar identificadores personales"
desaparecidosterremotovenezuela-com,"🔍 Búsqueda personas Desaparecidos Terremoto Venezuela https://desaparecidosterremotovenezuela.com 56.000+ reportados | 37.000+ sin contacto | 19.000+ localizados. Buscar por nombre/cédula, reportar, marcar como encontrado. Sin registro. ✅ Activa ES CNN / El Caribe",https://desaparecidosterremotovenezuela.com,attachment_catalog,busqueda_personas_desaparecidos_terremoto_venezuela_https_desaparecidosterremotovenezuela_com_56_000_reportados_37_000_sin_contacto_19_000_localizados_buscar_por_nombre_cedula_reportar_marcar_como_encontrado_sin_registro_activa_es_cnn_el_caribe,high,people_finder,personas desaparecidas|danos,0,0,0,0,0,0,1,1,0,0,0,0,personas desaparecidas=texto+topic:people_finder; danos=texto,True,Si (disponibilizando),,no,solo agregados; no unir PII,"alto: evitar union por nombre, telefono, cedula, foto o ubicacion exacta | personas desaparecidas: no interoperar identificadores personales"
desaparecidosvenezuela-com,Desaparecidos Venezuela,https://desaparecidosvenezuela.com,hackathon_sheet,unknown,high,people_finder|damage_services,personas desaparecidas|danos,0,0,0,0,0,0,1,1,0,0,0,0,personas desaparecidas=texto+topic:people_finder; danos=topic:damage_services,True,SI (no oficial),,no,solo agregados; no unir PII,"alto: evitar union por nombre, telefono, cedula, foto o ubicacion exacta | personas desaparecidas: no interoperar identificadores personales"
encuentralos-tecnosoft-dev,Encuentralos (tecnosoft),https://encuentralos.tecnosoft.dev,hackathon_sheet,unknown,high,people_finder,personas desaparecidas,0,0,0,0,0,0,1,0,0,0,0,0,personas desaparecidas=texto+topic:people_finder,True,?,,no,solo agregados; no unir PII,"alto: evitar union por nombre, telefono, cedula, foto o ubicacion exacta | personas desaparecidas: no interoperar identificadores personales"
encuentramevzla-com,🔍 Búsqueda personas Encuentrame VZLA https://encuentramevzla.com Busca personas encontradas y llevadas a hospitales ✅ Activa ES Encuentrame VZLA,https://encuentramevzla.com,attachment_catalog,busqueda_personas_encuentrame_vzla_https_encuentramevzla_com_busca_personas_encontradas_y_llevadas_a_hospitales_activa_es_encuentrame_vzla,high,people_finder|shelter_health,refugios|salud|personas desaparecidas,0,0,0,1,1,0,1,0,0,0,0,0,refugios=texto+topic:shelter_health; salud=texto+topic:shelter_health; personas desaparecidas=texto+topic:people_finder,True,repo,,no,solo agregados; no unir PII,"alto: evitar union por nombre, telefono, cedula, foto o ubicacion exacta | personas desaparecidas: no interoperar identificadores personales | salud: no publicar pacientes ni detalle clinico | refugios: proteger ubicaciones sensibles y grupos pequenos"
familias-hospital-vercel-app,Familias-Hospital,https://familias-hospital.vercel.app,hackathon_sheet,unknown,high,people_finder|shelter_health,refugios|salud|personas desaparecidas,0,0,0,1,1,0,1,0,0,0,0,0,refugios=texto+topic:shelter_health; salud=texto+topic:shelter_health; personas desaparecidas=texto+topic:people_finder,True,?,,no,solo agregados; no unir PII,"alto: evitar union por nombre, telefono, cedula, foto o ubicacion exacta | personas desaparecidas: no interoperar identificadores personales | salud: no publicar pacientes ni detalle clinico | refugios: proteger ubicaciones sensibles y grupos pequenos"
github-aldoapicella-vidasve,VidasVE,https://www.vidasve.help/,build4venezuela_analysis,ready_to_use,high,people_finder|aid_logistics|damage_services|data_api|verified_info,necesidades|personas desaparecidas|danos|informacion verificada|entregas/logistica|datos/API,0,0,1,0,0,0,1,1,0,1,1,1,necesidades=texto; personas desaparecidas=texto+topic:people_finder; danos=texto+topic:damage_services; informacion verificada=topic:verified_info; entregas/logistica=topic:aid_logistics; datos/API=texto+topic:data_api,False,,https://github.com/aldoapicella/vidasve,no,solo agregados; no unir PII,"alto: evitar union por nombre, telefono, cedula, foto o ubicacion exacta | personas desaparecidas: no interoperar identificadores personales"
github-betzabesp94-awesome-venezuela-relief,awesome-venezuela-relief Public,https://github.com/Betzabesp94/awesome-venezuela-relief,build4venezuela_analysis,ready_to_use,high,people_finder|shelter_health|data_api|verified_info,donaciones|refugios|salud|voluntarios|personas desaparecidas|danos|informacion verificada|entregas/logistica|datos/API,0,1,0,1,1,1,1,1,0,1,1,1,donaciones=texto; refugios=texto+topic:shelter_health; salud=texto+topic:shelter_health; voluntarios=texto; personas desaparecidas=topic:people_finder; danos=texto; informacion verificada=texto+topic:verified_info; entregas/logistica=texto; datos/API=texto+topic:data_api,False,,https://github.com/Betzabesp94/awesome-venezuela-relief,no,solo agregados; no unir PII,"alto: evitar union por nombre, telefono, cedula, foto o ubicacion exacta | personas desaparecidas: no interoperar identificadores personales | salud: no publicar pacientes ni detalle clinico | refugios: proteger ubicaciones sensibles y grupos pequenos"
github-betzabesp94-refugio-mental,refugio-mental,https://github.com/Betzabesp94/refugio-mental,build4venezuela_analysis,in_development,high,people_finder|shelter_health|verified_info,necesidades|refugios|salud|voluntarios|personas desaparecidas|danos|informacion verificada|entregas/logistica|datos/API,0,0,1,1,1,1,1,1,0,1,1,1,necesidades=texto; refugios=texto+topic:shelter_health; salud=texto+topic:shelter_health; voluntarios=texto; personas desaparecidas=topic:people_finder; danos=texto; informacion verificada=texto+topic:verified_info; entregas/logistica=texto; datos/API=texto,False,,https://github.com/Betzabesp94/refugio-mental,no,solo agregados; no unir PII,"alto: evitar union por nombre, telefono, cedula, foto o ubicacion exacta | personas desaparecidas: no interoperar identificadores personales | salud: no publicar pacientes ni detalle clinico | refugios: proteger ubicaciones sensibles y grupos pequenos"
github-carolmonroe22-zerena,zerena,https://zerena.help/,build4venezuela_analysis,ready_to_use,high,people_finder|aid_logistics|shelter_health|damage_services|data_api|verified_info,necesidades|refugios|salud|voluntarios|personas desaparecidas|danos|conectividad|informacion verificada|entregas/logistica|datos/API,0,0,1,1,1,1,1,1,1,1,1,1,necesidades=texto; refugios=texto+topic:shelter_health; salud=texto+topic:shelter_health; voluntarios=texto; personas desaparecidas=texto+topic:people_finder; danos=texto+topic:damage_services; conectividad=texto; informacion verificada=texto+topic:verified_info; entregas/logistica=texto+topic:aid_logistics; datos/API=texto+topic:data_api,False,,https://github.com/CarolMonroe22/zerena,no,solo agregados; no unir PII,"alto: evitar union por nombre, telefono, cedula, foto o ubicacion exacta | personas desaparecidas: no interoperar identificadores personales | salud: no publicar pacientes ni detalle clinico | refugios: proteger ubicaciones sensibles y grupos pequenos | conectividad: revisar coordenadas de SOS o nodos vulnerables"
github-chappie21-vnzlcentrosdeinsumos,github chappie21 vnzlcentrosdeinsumos,https://github.com/Chappie21/VnzlCentrosDeInsumos,user_url,unknown,high,people_finder|aid_logistics|shelter_health|data_api|verified_info,acopio|donaciones|necesidades|refugios|salud|voluntarios|personas desaparecidas|informacion verificada|entregas/logistica|datos/API,1,1,1,1,1,1,1,0,0,1,1,1,acopio=texto; donaciones=texto; necesidades=texto; refugios=texto+topic:shelter_health; salud=texto+topic:shelter_health; voluntarios=texto; personas desaparecidas=texto+topic:people_finder; informacion verificada=texto+topic:verified_info; entregas/logistica=texto+topic:aid_logistics; datos/API=texto+topic:data_api,True,,https://github.com/Chappie21/VnzlCentrosDeInsumos,no,solo agregados; no unir PII,"alto: evitar union por nombre, telefono, cedula, foto o ubicacion exacta | personas desaparecidas: no interoperar identificadores personales | salud: no publicar pacientes ni detalle clinico | refugios: proteger ubicaciones sensibles y grupos pequenos"
github-danieibazgc-rastro,Rastro,https://rastro-six.vercel.app,build4venezuela_analysis,ready_to_use,high,people_finder|aid_logistics|shelter_health|damage_services|data_api|verified_info,acopio|necesidades|refugios|salud|personas desaparecidas|danos|informacion verificada|entregas/logistica|datos/API,1,0,1,1,1,0,1,1,0,1,1,1,acopio=texto; necesidades=texto; refugios=texto+topic:shelter_health; salud=topic:shelter_health; personas desaparecidas=texto+topic:people_finder; danos=texto+topic:damage_services; informacion verificada=texto+topic:verified_info; entregas/logistica=texto+topic:aid_logistics; datos/API=texto+topic:data_api,True,,https://github.com/danieibazgc/rastro,no,solo agregados; no unir PII,"alto: evitar union por nombre, telefono, cedula, foto o ubicacion exacta | personas desaparecidas: no interoperar identificadores personales | salud: no publicar pacientes ni detalle clinico | refugios: proteger ubicaciones sensibles y grupos pequenos"
github-daniquishpecod4-sarab4ve,github daniquishpecod4 sarab4ve,https://github.com/daniquishpecod4/SARAB4VE,user_url,unknown,high,people_finder|aid_logistics|shelter_health|damage_services|data_api|verified_info,donaciones|necesidades|refugios|salud|voluntarios|personas desaparecidas|danos|informacion verificada|entregas/logistica|datos/API,0,1,1,1,1,1,1,1,0,1,1,1,donaciones=texto; necesidades=texto; refugios=texto+topic:shelter_health; salud=texto+topic:shelter_health; voluntarios=texto; personas desaparecidas=texto+topic:people_finder; danos=texto+topic:damage_services; informacion verificada=texto+topic:verified_info; entregas/logistica=texto+topic:aid_logistics; datos/API=texto+topic:data_api,True,,https://github.com/daniquishpecod4/SARAB4VE,no,solo agregados; no unir PII,"alto: evitar union por nombre, telefono, cedula, foto o ubicacion exacta | personas desaparecidas: no interoperar identificadores personales | salud: no publicar pacientes ni detalle clinico | refugios: proteger ubicaciones sensibles y grupos pequenos"
github-datatalesbyagos-puente-de-vida,Puente de Vida,https://docs.google.com/document/d/1CnY_SZOGfB6r3yJDiAr_odOm0yTfUQ05teEMeRCIL-c/edit?usp=sharing,build4venezuela_analysis,in_development,high,people_finder|aid_logistics|damage_services|data_api|verified_info,refugios|voluntarios|personas desaparecidas|danos|conectividad|informacion verificada|entregas/logistica|datos/API,0,0,0,1,0,1,1,1,1,1,1,1,refugios=texto; voluntarios=texto; personas desaparecidas=texto+topic:people_finder; danos=texto+topic:damage_services; conectividad=texto; informacion verificada=texto+topic:verified_info; entregas/logistica=texto+topic:aid_logistics; datos/API=texto+topic:data_api,True,,https://github.com/DataTalesByAgos/Puente-de-Vida,no,solo agregados; no unir PII,"alto: evitar union por nombre, telefono, cedula, foto o ubicacion exacta | personas desaparecidas: no interoperar identificadores personales | refugios: proteger ubicaciones sensibles y grupos pequenos | conectividad: revisar coordenadas de SOS o nodos vulnerables"
github-devandrew64-bloom-sismo,Bloom-Sismo,https://github.com/DevAndrew64/Bloom-Sismo,build4venezuela_analysis,ready_to_use,high,people_finder|damage_services,personas desaparecidas|danos|datos/API,0,0,0,0,0,0,1,1,0,0,0,1,personas desaparecidas=texto+topic:people_finder; danos=texto+topic:damage_services; datos/API=texto,False,,https://github.com/DevAndrew64/Bloom-Sismo,no,solo agregados; no unir PII,"alto: evitar union por nombre, telefono, cedula, foto o ubicacion exacta | personas desaparecidas: no interoperar identificadores personales"
github-diegomucha-buscachat,github diegomucha buscachat,https://github.com/DiegoMucha/buscachat,user_url,unknown,high,people_finder|aid_logistics|shelter_health|data_api|verified_info,refugios|salud|personas desaparecidas|danos|informacion verificada|entregas/logistica|datos/API,0,0,0,1,1,0,1,1,0,1,1,1,refugios=texto+topic:shelter_health; salud=texto+topic:shelter_health; personas desaparecidas=texto+topic:people_finder; danos=texto; informacion verificada=texto+topic:verified_info; entregas/logistica=topic:aid_logistics; datos/API=texto+topic:data_api,True,,https://github.com/DiegoMucha/buscachat,no,solo agregados; no unir PII,"alto: evitar union por nombre, telefono, cedula, foto o ubicacion exacta | personas desaparecidas: no interoperar identificadores personales | salud: no publicar pacientes ni detalle clinico | refugios: proteger ubicaciones sensibles y grupos pequenos"
github-edwinvrgs-found-people-ve-bot,Encontrados VE (Telegram),https://t.me/encontrados_ve_bot,hackathon_sheet,unknown,high,people_finder,personas desaparecidas|datos/API,0,0,0,0,0,0,1,0,0,0,0,1,personas desaparecidas=topic:people_finder; datos/API=texto,True,Consume: https://github.com/venezuela-war-room/api,https://github.com/edwinvrgs/found-people-ve-bot,no,solo agregados; no unir PII,"alto: evitar union por nombre, telefono, cedula, foto o ubicacion exacta | personas desaparecidas: no interoperar identificadores personales"
github-enbonnet-psico-support,Psico Ayuda Venezuela,https://psicoayudaven.com/,build4venezuela_analysis,ready_to_use,high,people_finder|aid_logistics|shelter_health|data_api|verified_info,necesidades|refugios|salud|personas desaparecidas|informacion verificada|entregas/logistica|datos/API,0,0,1,1,1,0,1,0,0,1,1,1,necesidades=texto; refugios=texto+topic:shelter_health; salud=texto+topic:shelter_health; personas desaparecidas=topic:people_finder; informacion verificada=texto+topic:verified_info; entregas/logistica=texto+topic:aid_logistics; datos/API=texto+topic:data_api,True,,https://github.com/enBonnet/psico-support,no,solo agregados; no unir PII,"alto: evitar union por nombre, telefono, cedula, foto o ubicacion exacta | personas desaparecidas: no interoperar identificadores personales | salud: no publicar pacientes ni detalle clinico | refugios: proteger ubicaciones sensibles y grupos pequenos"
github-gabadabaduu-build4venezuela-acompa-amientopsicologico,github gabadabaduu build4venezuela acompa amientopsicologico,https://github.com/gabadabaduu/build4venezuela-acompa-amientopsicologico,user_url,unknown,high,people_finder|shelter_health|damage_services|data_api,necesidades|refugios|salud|voluntarios|personas desaparecidas|danos|entregas/logistica|datos/API,0,0,1,1,1,1,1,1,0,0,1,1,necesidades=texto; refugios=texto+topic:shelter_health; salud=texto+topic:shelter_health; voluntarios=texto; personas desaparecidas=texto+topic:people_finder; danos=topic:damage_services; entregas/logistica=texto; datos/API=texto+topic:data_api,True,,https://github.com/gabadabaduu/build4venezuela-acompa-amientopsicologico,no,solo agregados; no unir PII,"alto: evitar union por nombre, telefono, cedula, foto o ubicacion exacta | personas desaparecidas: no interoperar identificadores personales | salud: no publicar pacientes ni detalle clinico | refugios: proteger ubicaciones sensibles y grupos pequenos"
github-gaboclus-ayudave,github gaboclus ayudave,https://github.com/gaboclus/ayudave,user_url,unknown,high,people_finder|aid_logistics|shelter_health|damage_services|data_api|verified_info,acopio|donaciones|necesidades|refugios|salud|voluntarios|personas desaparecidas|danos|informacion verificada|entregas/logistica|datos/API,1,1,1,1,1,1,1,1,0,1,1,1,acopio=texto; donaciones=texto; necesidades=texto; refugios=texto+topic:shelter_health; salud=texto+topic:shelter_health; voluntarios=texto; personas desaparecidas=texto+topic:people_finder; danos=texto+topic:damage_services; informacion verificada=texto+topic:verified_info; entregas/logistica=texto+topic:aid_logistics; datos/API=texto+topic:data_api,True,,https://github.com/gaboclus/ayudave,no,solo agregados; no unir PII,"alto: evitar union por nombre, telefono, cedula, foto o ubicacion exacta | personas desaparecidas: no interoperar identificadores personales | salud: no publicar pacientes ni detalle clinico | refugios: proteger ubicaciones sensibles y grupos pequenos"
github-geckovision-ayuda-venezuela-bot,Ayuda Venezuela,https://ayuda-venezuela-wine.vercel.app/,build4venezuela_analysis,ready_to_use,high,people_finder|aid_logistics|shelter_health|data_api|verified_info,refugios|salud|personas desaparecidas|informacion verificada|entregas/logistica|datos/API,0,0,0,1,1,0,1,0,0,1,1,1,refugios=texto+topic:shelter_health; salud=texto+topic:shelter_health; personas desaparecidas=topic:people_finder; informacion verificada=texto+topic:verified_info; entregas/logistica=topic:aid_logistics; datos/API=texto+topic:data_api,True,,https://github.com/GeckoVision/ayuda-venezuela-bot,no,solo agregados; no unir PII,"alto: evitar union por nombre, telefono, cedula, foto o ubicacion exacta | personas desaparecidas: no interoperar identificadores personales | salud: no publicar pacientes ni detalle clinico | refugios: proteger ubicaciones sensibles y grupos pequenos"
github-georesponde-georesponde,GeoResponde,https://georesponde.app,build4venezuela_analysis,in_development,high,people_finder|aid_logistics|shelter_health|damage_services|data_api|verified_info,acopio|necesidades|refugios|salud|personas desaparecidas|danos|informacion verificada|entregas/logistica|datos/API,1,0,1,1,1,0,1,1,0,1,1,1,acopio=texto; necesidades=texto; refugios=texto+topic:shelter_health; salud=topic:shelter_health; personas desaparecidas=texto+topic:people_finder; danos=texto+topic:damage_services; informacion verificada=topic:verified_info; entregas/logistica=topic:aid_logistics; datos/API=texto+topic:data_api,True,,https://github.com/GeoResponde/georesponde,no,solo agregados; no unir PII,"alto: evitar union por nombre, telefono, cedula, foto o ubicacion exacta | personas desaparecidas: no interoperar identificadores personales | salud: no publicar pacientes ni detalle clinico | refugios: proteger ubicaciones sensibles y grupos pequenos"
github-gerameraki-fichas-de-busqueda-venezuela,Generador de fichas de busquedas para redes sociales,https://fichasdebusqueda.netlify.app,build4venezuela_analysis,ready_to_use,high,people_finder|aid_logistics|damage_services|data_api|verified_info,necesidades|personas desaparecidas|danos|conectividad|informacion verificada|entregas/logistica|datos/API,0,0,1,0,0,0,1,1,1,1,1,1,necesidades=texto; personas desaparecidas=texto+topic:people_finder; danos=texto+topic:damage_services; conectividad=texto; informacion verificada=topic:verified_info; entregas/logistica=texto+topic:aid_logistics; datos/API=texto+topic:data_api,True,,https://github.com/gerameraki/Fichas-de-busqueda-Venezuela,no,solo agregados; no unir PII,"alto: evitar union por nombre, telefono, cedula, foto o ubicacion exacta | personas desaparecidas: no interoperar identificadores personales | conectividad: revisar coordenadas de SOS o nodos vulnerables"
github-iacastillo90-reencuentroterremotovenezuela,Reencuentros Terremotos Venezuela,https://docs.google.com/document/d/1yMHR8gaIBqEYeovXp8bD5t1unz7eXPqF/edit,build4venezuela_analysis,in_development,high,people_finder|aid_logistics|shelter_health|damage_services|data_api|verified_info,necesidades|refugios|salud|personas desaparecidas|danos|informacion verificada|entregas/logistica|datos/API,0,0,1,1,1,0,1,1,0,1,1,1,necesidades=texto; refugios=texto+topic:shelter_health; salud=topic:shelter_health; personas desaparecidas=texto+topic:people_finder; danos=texto+topic:damage_services; informacion verificada=topic:verified_info; entregas/logistica=texto+topic:aid_logistics; datos/API=texto+topic:data_api,False,,https://github.com/iacastillo90/ReencuentroTerremotoVenezuela,no,solo agregados; no unir PII,"alto: evitar union por nombre, telefono, cedula, foto o ubicacion exacta | personas desaparecidas: no interoperar identificadores personales | salud: no publicar pacientes ni detalle clinico | refugios: proteger ubicaciones sensibles y grupos pequenos"
github-javierdejesusda-apoyo-venezuela,Apoyo Venezuela,https://apoyovenezuela.com,build4venezuela_analysis,ready_to_use,high,people_finder|shelter_health|data_api|verified_info,refugios|salud|personas desaparecidas|informacion verificada|entregas/logistica|datos/API,0,0,0,1,1,0,1,0,0,1,1,1,refugios=texto+topic:shelter_health; salud=texto+topic:shelter_health; personas desaparecidas=topic:people_finder; informacion verificada=topic:verified_info; entregas/logistica=texto; datos/API=texto+topic:data_api,True,,https://github.com/javierdejesusda/apoyo-venezuela,no,solo agregados; no unir PII,"alto: evitar union por nombre, telefono, cedula, foto o ubicacion exacta | personas desaparecidas: no interoperar identificadores personales | salud: no publicar pacientes ni detalle clinico | refugios: proteger ubicaciones sensibles y grupos pequenos"
github-jeannetteafuentesr-venezuela-solidaria,Directorio sismo,https://directorio-sismo.netlify.app/,build4venezuela_analysis,ready_to_use,high,people_finder|shelter_health|damage_services|data_api|verified_info,refugios|salud|personas desaparecidas|danos|informacion verificada|datos/API,0,0,0,1,1,0,1,1,0,1,0,1,refugios=texto+topic:shelter_health; salud=texto+topic:shelter_health; personas desaparecidas=topic:people_finder; danos=texto+topic:damage_services; informacion verificada=texto+topic:verified_info; datos/API=texto+topic:data_api,False,,https://github.com/jeannetteafuentesr/venezuela-solidaria,no,solo agregados; no unir PII,"alto: evitar union por nombre, telefono, cedula, foto o ubicacion exacta | personas desaparecidas: no interoperar identificadores personales | salud: no publicar pacientes ni detalle clinico | refugios: proteger ubicaciones sensibles y grupos pequenos"
github-jmvidal26-beacon-rescate,Beacon Rescate,https://github.com/jmvidal26/Beacon-rescate,build4venezuela_analysis,idea,high,people_finder|aid_logistics|data_api|verified_info,necesidades|personas desaparecidas|danos|conectividad|informacion verificada|entregas/logistica|datos/API,0,0,1,0,0,0,1,1,1,1,1,1,necesidades=texto; personas desaparecidas=texto+topic:people_finder; danos=texto; conectividad=texto; informacion verificada=topic:verified_info; entregas/logistica=topic:aid_logistics; datos/API=texto+topic:data_api,False,,https://github.com/jmvidal26/Beacon-rescate,no,solo agregados; no unir PII,"alto: evitar union por nombre, telefono, cedula, foto o ubicacion exacta | personas desaparecidas: no interoperar identificadores personales | conectividad: revisar coordenadas de SOS o nodos vulnerables"
github-joeyrubio-buscador-unificado-vzla,Buscador Unificado VZLA (NUEVO),https://github.com/joeyrubio/buscador-unificado-vzla,hackathon_sheet,unknown,high,people_finder|data_api,personas desaparecidas|datos/API,0,0,0,0,0,0,1,0,0,0,0,1,personas desaparecidas=texto+topic:people_finder; datos/API=texto+topic:data_api,True,Repo,https://github.com/joeyrubio/buscador-unificado-vzla,no,solo agregados; no unir PII,"alto: evitar union por nombre, telefono, cedula, foto o ubicacion exacta | personas desaparecidas: no interoperar identificadores personales"
github-jose1almonte-leer-rostros,Vzla Encuentra,https://vzlaencuentra.com/,build4venezuela_analysis,ready_to_use,high,people_finder|aid_logistics|damage_services|data_api|verified_info,necesidades|refugios|voluntarios|personas desaparecidas|danos|informacion verificada|entregas/logistica|datos/API,0,0,1,1,0,1,1,1,0,1,1,1,necesidades=texto; refugios=texto; voluntarios=texto; personas desaparecidas=texto+topic:people_finder; danos=topic:damage_services; informacion verificada=topic:verified_info; entregas/logistica=topic:aid_logistics; datos/API=texto+topic:data_api,False,,https://github.com/jose1Almonte/leer_rostros,no,solo agregados; no unir PII,"alto: evitar union por nombre, telefono, cedula, foto o ubicacion exacta | personas desaparecidas: no interoperar identificadores personales | refugios: proteger ubicaciones sensibles y grupos pequenos"
github-juanmarchetto-confia,github juanmarchetto confia,https://github.com/JuanMarchetto/confia,user_url,unknown,high,people_finder|aid_logistics|shelter_health|damage_services|data_api|verified_info,donaciones|refugios|salud|personas desaparecidas|danos|conectividad|informacion verificada|entregas/logistica|datos/API,0,1,0,1,1,0,1,1,1,1,1,1,donaciones=texto; refugios=texto+topic:shelter_health; salud=texto+topic:shelter_health; personas desaparecidas=topic:people_finder; danos=texto+topic:damage_services; conectividad=texto; informacion verificada=texto+topic:verified_info; entregas/logistica=topic:aid_logistics; datos/API=texto+topic:data_api,True,,https://github.com/JuanMarchetto/confia,no,solo agregados; no unir PII,"alto: evitar union por nombre, telefono, cedula, foto o ubicacion exacta | personas desaparecidas: no interoperar identificadores personales | salud: no publicar pacientes ni detalle clinico | refugios: proteger ubicaciones sensibles y grupos pequenos | conectividad: revisar coordenadas de SOS o nodos vulnerables"
github-lauzulu-vzla-response-hub,Venezuela Response Hub,https://vzlaresponsehub.org,build4venezuela_analysis,ready_to_use,high,people_finder|aid_logistics|shelter_health|damage_services|data_api|verified_info,refugios|salud|voluntarios|personas desaparecidas|danos|informacion verificada|entregas/logistica|datos/API,0,0,0,1,1,1,1,1,0,1,1,1,refugios=texto+topic:shelter_health; salud=topic:shelter_health; voluntarios=texto; personas desaparecidas=texto+topic:people_finder; danos=texto+topic:damage_services; informacion verificada=texto+topic:verified_info; entregas/logistica=texto+topic:aid_logistics; datos/API=texto+topic:data_api,False,,https://github.com/LauZulu/vzla-response-hub,no,solo agregados; no unir PII,"alto: evitar union por nombre, telefono, cedula, foto o ubicacion exacta | personas desaparecidas: no interoperar identificadores personales | salud: no publicar pacientes ni detalle clinico | refugios: proteger ubicaciones sensibles y grupos pequenos"
github-liderrj-crisis-map,Crisis Map,https://erqk-crisis-map.netlify.app,build4venezuela_analysis,ready_to_use,high,people_finder|aid_logistics|shelter_health|damage_services|data_api|verified_info,necesidades|refugios|salud|voluntarios|personas desaparecidas|danos|conectividad|informacion verificada|entregas/logistica|datos/API,0,0,1,1,1,1,1,1,1,1,1,1,necesidades=texto; refugios=texto+topic:shelter_health; salud=texto+topic:shelter_health; voluntarios=texto; personas desaparecidas=texto+topic:people_finder; danos=texto+topic:damage_services; conectividad=texto; informacion verificada=texto+topic:verified_info; entregas/logistica=texto+topic:aid_logistics; datos/API=texto+topic:data_api,False,,https://github.com/liderrj/crisis-map,no,solo agregados; no unir PII,"alto: evitar union por nombre, telefono, cedula, foto o ubicacion exacta | personas desaparecidas: no interoperar identificadores personales | salud: no publicar pacientes ni detalle clinico | refugios: proteger ubicaciones sensibles y grupos pequenos | conectividad: revisar coordenadas de SOS o nodos vulnerables"
github-mathiasaiva-vzla-dedup,VENEZUELA DATA CRISIS,https://github.com/DataVenezuela/VZLA_DEDUP,build4venezuela_analysis,in_development,high,people_finder|aid_logistics|shelter_health|data_api|verified_info,acopio|necesidades|refugios|salud|voluntarios|personas desaparecidas|danos|conectividad|informacion verificada|entregas/logistica|datos/API,1,0,1,1,1,1,1,1,1,1,1,1,acopio=texto; necesidades=texto; refugios=texto+topic:shelter_health; salud=texto+topic:shelter_health; voluntarios=texto; personas desaparecidas=texto+topic:people_finder; danos=texto; conectividad=texto; informacion verificada=texto+topic:verified_info; entregas/logistica=topic:aid_logistics; datos/API=texto+topic:data_api,True,,https://github.com/mathiasaiva/VZLA_DEDUP,no,solo agregados; no unir PII,"alto: evitar union por nombre, telefono, cedula, foto o ubicacion exacta | personas desaparecidas: no interoperar identificadores personales | salud: no publicar pacientes ni detalle clinico | refugios: proteger ubicaciones sensibles y grupos pequenos | conectividad: revisar coordenadas de SOS o nodos vulnerables"
github-mfranceschit-apoyo-venezuela,Apoyo Venezuela,https://www.apoyovenezuela.org,build4venezuela_analysis,ready_to_use,high,people_finder|aid_logistics|damage_services|data_api|verified_info,acopio|voluntarios|personas desaparecidas|danos|informacion verificada|entregas/logistica|datos/API,1,0,0,0,0,1,1,1,0,1,1,1,acopio=texto; voluntarios=texto; personas desaparecidas=texto+topic:people_finder; danos=texto+topic:damage_services; informacion verificada=texto+topic:verified_info; entregas/logistica=texto+topic:aid_logistics; datos/API=texto+topic:data_api,False,,https://github.com/mfranceschit/apoyo-venezuela,no,solo agregados; no unir PII,"alto: evitar union por nombre, telefono, cedula, foto o ubicacion exacta | personas desaparecidas: no interoperar identificadores personales"
github-onbeit-venezuela-juntos-v2,Venezuela Juntos (Missing Persons Facial Recognition),https://github.com/OnBeIt/Venezuela_Juntos_v2,build4venezuela_analysis,ready_to_use,high,people_finder|data_api,personas desaparecidas|datos/API,0,0,0,0,0,0,1,0,0,0,0,1,personas desaparecidas=topic:people_finder; datos/API=texto+topic:data_api,False,,https://github.com/OnBeIt/Venezuela_Juntos_v2,no,solo agregados; no unir PII,"alto: evitar union por nombre, telefono, cedula, foto o ubicacion exacta | personas desaparecidas: no interoperar identificadores personales"
github-otobonh-resqlink-ai,ResQLink,https://resqlink-ai.netlify.app/,build4venezuela_analysis,ready_to_use,high,people_finder|aid_logistics|shelter_health|damage_services|data_api|verified_info,necesidades|refugios|salud|voluntarios|personas desaparecidas|danos|conectividad|informacion verificada|entregas/logistica|datos/API,0,0,1,1,1,1,1,1,1,1,1,1,necesidades=texto; refugios=texto+topic:shelter_health; salud=texto+topic:shelter_health; voluntarios=texto; personas desaparecidas=topic:people_finder; danos=topic:damage_services; conectividad=texto; informacion verificada=texto+topic:verified_info; entregas/logistica=texto+topic:aid_logistics; datos/API=texto+topic:data_api,False,,https://github.com/otobonh/resqlink-ai,no,solo agregados; no unir PII,"alto: evitar union por nombre, telefono, cedula, foto o ubicacion exacta | personas desaparecidas: no interoperar identificadores personales | salud: no publicar pacientes ni detalle clinico | refugios: proteger ubicaciones sensibles y grupos pequenos | conectividad: revisar coordenadas de SOS o nodos vulnerables"
github-repetto-a-ml-facerecognizer,Somos Huella,https://www.somoshuella.org,build4venezuela_analysis,ready_to_use,high,people_finder|data_api|verified_info,personas desaparecidas|informacion verificada|datos/API,0,0,0,0,0,0,1,0,0,1,0,1,personas desaparecidas=texto+topic:people_finder; informacion verificada=topic:verified_info; datos/API=texto+topic:data_api,True,,https://github.com/Repetto-A/ML-FaceRecognizer,no,solo agregados; no unir PII,"alto: evitar union por nombre, telefono, cedula, foto o ubicacion exacta | personas desaparecidas: no interoperar identificadores personales"
github-s0ymiranda-sismo-ve,SismoVzla,https://www.sismove.info/es,build4venezuela_analysis,ready_to_use,high,people_finder|aid_logistics|shelter_health|damage_services|data_api|verified_info,donaciones|refugios|salud|personas desaparecidas|danos|informacion verificada|entregas/logistica|datos/API,0,1,0,1,1,0,1,1,0,1,1,1,donaciones=texto; refugios=texto+topic:shelter_health; salud=texto+topic:shelter_health; personas desaparecidas=texto+topic:people_finder; danos=texto+topic:damage_services; informacion verificada=texto+topic:verified_info; entregas/logistica=texto+topic:aid_logistics; datos/API=texto+topic:data_api,False,,https://github.com/s0ymiranda/sismo-ve,no,solo agregados; no unir PII,"alto: evitar union por nombre, telefono, cedula, foto o ubicacion exacta | personas desaparecidas: no interoperar identificadores personales | salud: no publicar pacientes ni detalle clinico | refugios: proteger ubicaciones sensibles y grupos pequenos"
github-sephirods-venezuelasismos,Sismología VE,https://terremotos.wasmer.app/,build4venezuela_analysis,ready_to_use,high,people_finder|aid_logistics|damage_services|data_api|verified_info,personas desaparecidas|danos|conectividad|informacion verificada|entregas/logistica|datos/API,0,0,0,0,0,0,1,1,1,1,1,1,personas desaparecidas=topic:people_finder; danos=texto+topic:damage_services; conectividad=texto; informacion verificada=topic:verified_info; entregas/logistica=texto+topic:aid_logistics; datos/API=texto+topic:data_api,True,,https://github.com/sephirods/venezuelasismos,no,solo agregados; no unir PII,"alto: evitar union por nombre, telefono, cedula, foto o ubicacion exacta | personas desaparecidas: no interoperar identificadores personales | conectividad: revisar coordenadas de SOS o nodos vulnerables"
github-uset82-ifoundyou,Doomedag,https://dommedag.netlify.app/,build4venezuela_analysis,ready_to_use,high,people_finder|aid_logistics|data_api,necesidades|personas desaparecidas|conectividad|entregas/logistica|datos/API,0,0,1,0,0,0,1,0,1,0,1,1,necesidades=texto; personas desaparecidas=texto+topic:people_finder; conectividad=texto; entregas/logistica=topic:aid_logistics; datos/API=texto+topic:data_api,False,,https://github.com/uset82/iFoundYou,no,solo agregados; no unir PII,"alto: evitar union por nombre, telefono, cedula, foto o ubicacion exacta | personas desaparecidas: no interoperar identificadores personales | conectividad: revisar coordenadas de SOS o nodos vulnerables"
github-vmlcode-guacamaya-net,GuacaMalla - Mesh sync entre dispositivos,https://guacamalla.org,build4venezuela_analysis,in_development,high,people_finder|data_api|verified_info,necesidades|salud|personas desaparecidas|danos|conectividad|informacion verificada|datos/API,0,0,1,0,1,0,1,1,1,1,0,1,necesidades=texto; salud=texto; personas desaparecidas=topic:people_finder; danos=texto; conectividad=texto; informacion verificada=topic:verified_info; datos/API=texto+topic:data_api,False,,https://github.com/vmlcode/guacamaya-net,no,solo agregados; no unir PII,"alto: evitar union por nombre, telefono, cedula, foto o ubicacion exacta | personas desaparecidas: no interoperar identificadores personales | salud: no publicar pacientes ni detalle clinico | conectividad: revisar coordenadas de SOS o nodos vulnerables"
github-z1code-sosvenezuela2026,SOS Venezuela 2026 (TOP),https://sosvenezuela2026.com,hackathon_sheet,unknown,high,people_finder|damage_services|data_api,personas desaparecidas|danos|informacion verificada|datos/API,0,0,0,0,0,0,1,1,0,1,0,1,personas desaparecidas=topic:people_finder; danos=texto+topic:damage_services; informacion verificada=texto; datos/API=texto+topic:data_api,True,SI - API publica sin auth,https://github.com/Z1Code/sosvenezuela2026,no,solo agregados; no unir PII,"alto: evitar union por nombre, telefono, cedula, foto o ubicacion exacta | personas desaparecidas: no interoperar identificadores personales"
heroesvenezuela-com,Heroes Venezuela,https://heroesvenezuela.com,hackathon_sheet,unknown,high,people_finder|aid_logistics|data_api,necesidades|voluntarios|personas desaparecidas|entregas/logistica|datos/API,0,0,1,0,0,1,1,0,0,0,1,1,necesidades=texto; voluntarios=texto; personas desaparecidas=texto+topic:people_finder; entregas/logistica=texto+topic:aid_logistics; datos/API=topic:data_api,True,,,no,solo agregados; no unir PII,"alto: evitar union por nombre, telefono, cedula, foto o ubicacion exacta | personas desaparecidas: no interoperar identificadores personales"
localizadosvenezuela-com,Localizados Venezuela,https://localizadosvenezuela.com,hackathon_sheet,unknown,high,people_finder|shelter_health,refugios|salud|personas desaparecidas|datos/API,0,0,0,1,1,0,1,0,0,0,0,1,refugios=texto+topic:shelter_health; salud=texto+topic:shelter_health; personas desaparecidas=texto+topic:people_finder; datos/API=texto,True,SI - API publica,,no,solo agregados; no unir PII,"alto: evitar union por nombre, telefono, cedula, foto o ubicacion exacta | personas desaparecidas: no interoperar identificadores personales | salud: no publicar pacientes ni detalle clinico | refugios: proteger ubicaciones sensibles y grupos pequenos"
mbuscan-com,mBuscan,https://mbuscan.com,hackathon_sheet,unknown,high,people_finder,personas desaparecidas,0,0,0,0,0,0,1,0,0,0,0,0,personas desaparecidas=texto+topic:people_finder,True,?,,no,solo agregados; no unir PII,"alto: evitar union por nombre, telefono, cedula, foto o ubicacion exacta | personas desaparecidas: no interoperar identificadores personales"
redsonadoras-com,Red Sonadoras,https://redsonadoras.com,hackathon_sheet,unknown,high,people_finder,personas desaparecidas,0,0,0,0,0,0,1,0,0,0,0,0,personas desaparecidas=texto+topic:people_finder,True,?,,no,solo agregados; no unir PII,"alto: evitar union por nombre, telefono, cedula, foto o ubicacion exacta | personas desaparecidas: no interoperar identificadores personales"
rescatavenezuela-com,Búsqueda Tech - Apps RescataVenezuela https://www.rescatavenezuela.com/ Plataforma para búsqueda y reporte de desaparecidos ✅ Activa ES,https://www.rescatavenezuela.com/,attachment_catalog,busqueda_tech_apps_rescatavenezuela_https_www_rescatavenezuela_com_plataforma_para_busqueda_y_reporte_de_desaparecidos_activa_es,high,people_finder|damage_services,personas desaparecidas|danos,0,0,0,0,0,0,1,1,0,0,0,0,personas desaparecidas=texto+topic:people_finder; danos=topic:damage_services,False,,,no,solo agregados; no unir PII,"alto: evitar union por nombre, telefono, cedula, foto o ubicacion exacta | personas desaparecidas: no interoperar identificadores personales"
shareloc-lesiga-com-sos,💻 Tech / Dev Shareloc SOS https://shareloc.lesiga.com/sos Coordinación y geolocalización en emergencias ✅ Activa ES/EN Lésiga - Empresa Colombo-Venezolana,https://shareloc.lesiga.com/sos,attachment_catalog,tech_dev_shareloc_sos_https_shareloc_lesiga_com_sos_coordinacion_y_geolocalizacion_en_emergencias_activa_es_en_lesiga_empresa_colombo_venezolana,high,people_finder|data_api,personas desaparecidas|entregas/logistica|datos/API,0,0,0,0,0,0,1,0,0,0,1,1,personas desaparecidas=texto+topic:people_finder; entregas/logistica=texto; datos/API=topic:data_api,False,,,no,solo agregados; no unir PII,"alto: evitar union por nombre, telefono, cedula, foto o ubicacion exacta | personas desaparecidas: no interoperar identificadores personales"
sosven-site,SOS Ven (site),https://sosven.site,hackathon_sheet,unknown,high,people_finder,personas desaparecidas,0,0,0,0,0,0,1,0,0,0,0,0,personas desaparecidas=texto+topic:people_finder,True,?,,no,solo agregados; no unir PII,"alto: evitar union por nombre, telefono, cedula, foto o ubicacion exacta | personas desaparecidas: no interoperar identificadores personales"
terremotovenezuela-com,Terremoto Venezuela,https://terremotovenezuela.com,hackathon_sheet,unknown,high,people_finder|damage_services,personas desaparecidas|danos,0,0,0,0,0,0,1,1,0,0,0,0,personas desaparecidas=texto+topic:people_finder; danos=texto+topic:damage_services,True,?,,no,solo agregados; no unir PII,"alto: evitar union por nombre, telefono, cedula, foto o ubicacion exacta | personas desaparecidas: no interoperar identificadores personales"
venapp-com,VenApp,https://venapp.com,hackathon_sheet,unknown,high,people_finder,personas desaparecidas,0,0,0,0,0,0,1,0,0,0,0,0,personas desaparecidas=texto+topic:people_finder,True,?,,no,solo agregados; no unir PII,"alto: evitar union por nombre, telefono, cedula, foto o ubicacion exacta | personas desaparecidas: no interoperar identificadores personales"
venezuelareporta-org,Venezuela Reporta,https://venezuelareporta.org,hackathon_sheet,unknown,high,people_finder|damage_services,personas desaparecidas|danos,0,0,0,0,0,0,1,1,0,0,0,0,personas desaparecidas=topic:people_finder; danos=topic:damage_services,True,?,,no,solo agregados; no unir PII,"alto: evitar union por nombre, telefono, cedula, foto o ubicacion exacta | personas desaparecidas: no interoperar identificadores personales"
venezuelatebusca-com,"🔍 Búsqueda personas Venezuela Te Busca https://venezuelatebusca.com 26.000+ registros. Sección especial Terremoto 2026. Buscar, registrar, marcar localizado. ✅ Activa ES El Caribe",https://venezuelatebusca.com,attachment_catalog,busqueda_personas_venezuela_te_busca_https_venezuelatebusca_com_26_000_registros_seccion_especial_terremoto_2026_buscar_registrar_marcar_localizado_activa_es_el_caribe,high,people_finder,personas desaparecidas|danos|datos/API,0,0,0,0,0,0,1,1,0,0,0,1,personas desaparecidas=texto+topic:people_finder; danos=texto; datos/API=texto,True,Parcial (/api/stats),,no,solo agregados; no unir PII,"alto: evitar union por nombre, telefono, cedula, foto o ubicacion exacta | personas desaparecidas: no interoperar identificadores personales"
vesinfiltro-org,Conexion Segura y Libre,https://vesinfiltro.org/,hackathon_sheet,unknown,high,people_finder,necesidades|personas desaparecidas|conectividad,0,0,1,0,0,0,1,0,1,0,0,0,necesidades=texto; personas desaparecidas=texto+topic:people_finder; conectividad=texto,True,,,no,solo agregados; no unir PII,"alto: evitar union por nombre, telefono, cedula, foto o ubicacion exacta | personas desaparecidas: no interoperar identificadores personales | conectividad: revisar coordenadas de SOS o nodos vulnerables"
24junve-statuslocal-net,24JunVE,https://24junve.statuslocal.net,hackathon_sheet,unknown,depends,data_api,datos/API,0,0,0,0,0,0,0,0,0,0,0,1,datos/API=topic:data_api,True,?,,yes,topic + geography + time,variable: depende del esquema expuesto y del nivel de agregacion
acopiove-org-docs-api,acopiove org docs api,https://acopiove.org/docs/api,user_url,unknown,depends,aid_logistics|data_api,entregas/logistica|datos/API,0,0,0,0,0,0,0,0,0,0,1,1,entregas/logistica=topic:aid_logistics; datos/API=texto+topic:data_api,True,,,yes,topic + geography + time,variable: depende del esquema expuesto y del nivel de agregacion
ayudave-com,Ayuda VE (DROSS),https://ayudave.com,hackathon_sheet,unknown,depends,aid_logistics|data_api,necesidades|entregas/logistica|datos/API,0,0,1,0,0,0,0,0,0,0,1,1,necesidades=texto; entregas/logistica=topic:aid_logistics; datos/API=topic:data_api,True,?,,yes,topic + geography + time,variable: depende del esquema expuesto y del nivel de agregacion
build4venezuela-com-p-data-team,VZLA_DEDUP (NUEVO),https://build4venezuela.com/p/data-team,hackathon_sheet,unknown,depends,data_api,informacion verificada|datos/API,0,0,0,0,0,0,0,0,0,1,0,1,informacion verificada=texto; datos/API=texto+topic:data_api,True,SI - API abierta,,yes,topic + geography + time,variable: depende del esquema expuesto y del nivel de agregacion
github-carlosuriass-build4venezuelarag,github carlosuriass build4venezuelarag,https://github.com/CarlosUriass/build4venezuelaRAG,user_url,unknown,depends,data_api,datos/API,0,0,0,0,0,0,0,0,0,0,0,1,datos/API=texto+topic:data_api,True,,https://github.com/CarlosUriass/build4venezuelaRAG,yes,topic + geography + time,variable: depende del esquema expuesto y del nivel de agregacion
github-crafter-station-build4venezuela,Build4Venezuela (Crafter Station) (TOP),https://build4venezuela.com/projects,hackathon_sheet,unknown,depends,data_api,datos/API,0,0,0,0,0,0,0,0,0,0,0,1,datos/API=texto+topic:data_api,True,SI - API publica,https://github.com/crafter-station/build4venezuela,yes,topic + geography + time,variable: depende del esquema expuesto y del nivel de agregacion
github-datavenezuela-venezueladatacrisis,github datavenezuela venezueladatacrisis,https://github.com/DataVenezuela/VenezuelaDataCrisis,user_url,unknown,depends,data_api,datos/API,0,0,0,0,0,0,0,0,0,0,0,1,datos/API=texto+topic:data_api,False,,https://github.com/DataVenezuela/VenezuelaDataCrisis,yes,topic + geography + time,variable: depende del esquema expuesto y del nivel de agregacion
github-globalemergency-responsegrid,github globalemergency responsegrid,https://github.com/GlobalEmergency/ResponseGrid,user_url,unknown,depends,aid_logistics|data_api|verified_info,refugios|informacion verificada|entregas/logistica|datos/API,0,0,0,1,0,0,0,0,0,1,1,1,refugios=texto; informacion verificada=texto+topic:verified_info; entregas/logistica=texto+topic:aid_logistics; datos/API=texto+topic:data_api,True,,https://github.com/GlobalEmergency/ResponseGrid,yes,topic + geography + time,variable: depende del esquema expuesto y del nivel de agregacion | refugios: proteger ubicaciones sensibles y grupos pequenos
github-nobelaar-acopio-vzla,github nobelaar acopio vzla,https://github.com/nobelaar/acopio-vzla,user_url,unknown,depends,aid_logistics|data_api|verified_info,acopio|necesidades|voluntarios|danos|informacion verificada|entregas/logistica|datos/API,1,0,1,0,0,1,0,1,0,1,1,1,acopio=texto; necesidades=texto; voluntarios=texto; danos=texto; informacion verificada=topic:verified_info; entregas/logistica=texto+topic:aid_logistics; datos/API=texto+topic:data_api,True,,https://github.com/nobelaar/acopio-vzla,yes,topic + geography + time,variable: depende del esquema expuesto y del nivel de agregacion
github-sergioballesteros-vd-build4venezuelarag,github sergioballesteros vd build4venezuelarag,https://github.com/sergioballesteros-vd/build4venezuelaRAG,user_url,unknown,depends,data_api,datos/API,0,0,0,0,0,0,0,0,0,0,0,1,datos/API=texto+topic:data_api,True,,https://github.com/sergioballesteros-vd/build4venezuelaRAG,yes,topic + geography + time,variable: depende del esquema expuesto y del nivel de agregacion
reliefweb-int-report-venezuela-bolivarian-republic-venezuela-earthquake-situation-overview-25-june-2026,🏛 Organismo oficial ReliefWeb — Venezuela Situation https://reliefweb.int/report/venezuela-bolivarian-republic/venezuela-earthquake-situation-overview-25-june-2026 Informe OCHA. Fuente humanitaria de referencia. Se actualiza con datos de campo. ✅ Activa EN OCHA/ONU,https://reliefweb.int/report/venezuela-bolivarian-republic/venezuela-earthquake-situation-overview-25-june-2026,attachment_catalog,organismo_oficial_reliefweb_venezuela_situation_https_reliefweb_int_report_venezuela_bolivarian_republic_venezuela_earthquake_situation_overview_25_june_2026_informe_ocha_fuente_humanitaria_de_referencia_se_actualiza_con_datos_de_campo_activa_en_ocha_onu,depends,data_api|verified_info,informacion verificada|datos/API,0,0,0,0,0,0,0,0,0,1,0,1,informacion verificada=texto+topic:verified_info; datos/API=texto+topic:data_api,False,,,yes,topic + geography + time,variable: depende del esquema expuesto y del nivel de agregacion
respuestave-org-desarrolladores,API para desarrolladores y agentes,https://respuestave.org/desarrolladores,hackathon_sheet,unknown,depends,data_api,datos/API,0,0,0,0,0,0,0,0,0,0,0,1,datos/API=texto+topic:data_api,True,,,yes,topic + geography + time,variable: depende del esquema expuesto y del nivel de agregacion
senaldeayuda-org,Senal de Ayuda,https://senaldeayuda.org,hackathon_sheet,unknown,depends,aid_logistics|data_api,conectividad|entregas/logistica|datos/API,0,0,0,0,0,0,0,0,1,0,1,1,conectividad=texto; entregas/logistica=topic:aid_logistics; datos/API=topic:data_api,True,?,,yes,topic + geography + time,variable: depende del esquema expuesto y del nivel de agregacion | conectividad: revisar coordenadas de SOS o nodos vulnerables
terremotove-netlify-app,Terremoto VE (netlify),https://terremotove.netlify.app,hackathon_sheet,unknown,depends,aid_logistics|data_api,acopio|danos|entregas/logistica|datos/API,1,0,0,0,0,0,0,1,0,0,1,1,acopio=texto; danos=texto; entregas/logistica=topic:aid_logistics; datos/API=topic:data_api,True,?,,yes,topic + geography + time,variable: depende del esquema expuesto y del nivel de agregacion
venezuela-aid-finder-lovable-app,Venezuela Aid Finder,https://venezuela-aid-finder.lovable.app,hackathon_sheet,unknown,depends,aid_logistics|data_api,acopio|entregas/logistica|datos/API,1,0,0,0,0,0,0,0,0,0,1,1,acopio=texto; entregas/logistica=topic:aid_logistics; datos/API=topic:data_api,True,?,,yes,topic + geography + time,variable: depende del esquema expuesto y del nivel de agregacion
zonasafectadasvenezuela-app,Reporta Venezuela (Zonas Afectadas),https://zonasafectadasvenezuela.app,hackathon_sheet,unknown,depends,data_api,danos|datos/API,0,0,0,0,0,0,0,1,0,0,0,1,danos=texto; datos/API=texto+topic:data_api,True,Consume API,,yes,topic + geography + time,variable: depende del esquema expuesto y del nivel de agregacion
